epoch,mark,Unused,Ankle Angle,Unused,Measured Torque (R),Unused,Unused,Toe FSR (R),Heel FSR (R),Channel 8,Exoskeleton time (seconds)
1771889992.015451,0,0.000000,30.510000,0.000000,-0.090000,0.000000,0.000000,0.000000,1.000000,8.000000,25.480000
1771889992.060208,0,0.000000,26.280000,0.000000,-0.090000,0.000000,0.000000,0.000000,2.000000,8.000000,25.530000
1771889992.101774,0,0.000000,29.210000,0.000000,-0.010000,0.000000,0.000000,0.000000,1.000000,8.000000,25.540000
1771889992.109603,0,0.000000,29.180000,0.000000,0.000000,0.000000,0.000000,0.000000,0.750000,8.000000,25.550000
1771889992.109603,0,0.000000,27.950000,0.000000,0.030000,0.000000,0.000000,0.000000,0.680000,8.000000,25.560000
1771889992.140053,0,0.000000,30.070000,0.000000,-0.030000,0.000000,0.000000,0.000000,0.750000,8.000000,25.590000
1771889992.158558,0,0.000000,29.370000,0.000000,-0.020000,0.000000,0.000000,0.000000,0.520000,8.000000,25.600000
1771889992.164896,0,0.000000,29.010000,0.000000,-0.100000,0.000000,0.000000,0.000000,1.230000,8.000000,25.620000
1771889992.189239,0,0.000000,30.370000,0.000000,-0.010000,0.000000,0.000000,0.000000,0.830000,8.000000,25.620000
1771889992.207842,0,0.000000,29.350000,0.000000,-0.070000,0.000000,0.000000,0.000000,0.690000,8.000000,25.640000
1771889992.241199,0,0.000000,29.300000,0.000000,-0.030000,0.000000,0.000000,0.000000,0.630000,8.000000,25.670000
1771889992.241199,0,0.000000,28.970000,0.000000,-0.100000,0.000000,0.000000,0.000000,0.750000,8.000000,25.680000
1771889992.241199,0,0.000000,30.310000,0.000000,0.000000,0.000000,0.000000,0.000000,0.630000,8.000000,25.700000
1771889992.272905,0,0.000000,30.480000,0.000000,-0.030000,0.000000,0.000000,0.000000,0.690000,8.000000,25.700000
1771889992.273425,0,0.000000,30.540000,0.000000,-0.100000,0.000000,0.000000,0.000000,0.930000,8.000000,25.720000
1771889992.296445,0,0.000000,30.200000,0.000000,0.000000,0.000000,0.000000,0.000000,0.620000,8.000000,25.730000
1771889992.318229,0,0.000000,30.290000,0.000000,-0.020000,0.000000,0.000000,0.000000,1.020000,8.000000,25.760000
1771889992.318229,0,0.000000,28.970000,0.000000,-0.050000,0.000000,0.000000,0.000000,0.910000,8.000000,25.770000
1771889992.341928,0,0.000000,30.540000,0.000000,0.000000,0.000000,0.000000,0.300000,0.980000,8.000000,25.790000
1771889992.361431,0,0.000000,30.510000,0.000000,-0.020000,0.000000,0.000000,0.980000,0.990000,8.000000,25.790000
1771889992.363871,0,0.000000,28.200000,0.000000,-0.070000,0.000000,0.000000,1.000000,1.000000,8.000000,25.810000
1771889992.377194,0,0.000000,30.420000,0.000000,0.010000,0.000000,0.000000,1.000000,1.000000,8.000000,25.820000
1771889992.408707,0,0.000000,30.200000,0.000000,-0.050000,0.000000,0.000000,1.000000,1.000000,8.000000,25.850000
1771889992.408707,0,0.000000,28.970000,0.000000,-0.100000,0.000000,0.000000,1.000000,0.990000,8.000000,25.860000
1771889992.433370,0,0.000000,30.620000,0.000000,-0.050000,0.000000,0.000000,1.000000,1.000000,8.000000,25.870000
1771889992.455921,0,0.000000,30.370000,0.000000,-0.100000,0.000000,0.000000,0.990000,1.000000,8.000000,25.880000
1771889992.459599,0,0.000000,29.350000,0.000000,-0.010000,0.000000,0.000000,1.000000,0.990000,8.000000,25.900000
1771889992.484949,0,0.000000,30.600000,0.000000,-0.020000,0.000000,0.000000,0.990000,1.000000,8.000000,25.920000
1771889992.484949,0,0.000000,30.540000,0.000000,-0.050000,0.000000,0.000000,1.000000,1.000000,8.000000,25.940000
1771889992.502591,0,0.000000,30.390000,0.000000,0.000000,0.000000,0.000000,0.980000,0.990000,8.000000,25.950000
1771889992.505992,0,0.000000,30.560000,0.000000,0.000000,0.000000,0.000000,0.950000,1.000000,8.000000,25.960000
1771889992.523928,0,0.000000,30.560000,0.000000,0.000000,0.000000,0.000000,0.940000,0.990000,8.000000,25.980000
1771889992.539781,0,0.000000,30.560000,0.000000,0.000000,0.000000,0.000000,0.930000,0.990000,8.000000,26.000000
1771889992.561916,0,0.000000,30.460000,0.000000,-0.030000,0.000000,0.000000,0.940000,0.990000,8.000000,26.020000
1771889992.570318,0,0.000000,29.010000,0.000000,-0.020000,0.000000,0.000000,0.970000,0.980000,8.000000,26.030000
1771889992.587911,0,0.000000,30.540000,0.000000,0.000000,0.000000,0.000000,0.980000,0.930000,8.000000,26.040000
1771889992.602521,0,0.000000,30.390000,0.000000,-0.020000,0.000000,0.000000,0.990000,0.870000,8.000000,26.050000
1771889992.639850,0,0.000000,30.530000,0.000000,0.000000,0.000000,0.000000,1.000000,0.800000,8.000000,26.070000
1771889992.639850,0,0.000000,29.230000,0.000000,0.000000,0.000000,0.000000,1.000000,0.750000,8.000000,26.090000
1771889992.655905,0,0.000000,29.300000,0.000000,-0.010000,0.000000,0.000000,1.000000,0.690000,8.000000,26.110000
1771889992.683660,0,0.000000,29.290000,0.000000,0.000000,0.000000,0.000000,1.000000,0.660000,8.000000,26.120000
1771889992.687390,0,0.000000,30.510000,0.000000,0.020000,0.000000,0.000000,1.000000,0.620000,8.000000,26.130000
1771889992.702070,0,0.000000,30.540000,0.000000,0.000000,0.000000,0.000000,1.000000,0.560000,8.000000,26.150000
1771889992.711419,0,0.000000,28.970000,0.000000,0.030000,0.000000,0.000000,1.000000,0.510000,8.000000,26.170000
1771889992.735102,0,0.000000,30.540000,0.000000,0.050000,0.000000,0.000000,0.990000,0.470000,8.000000,26.190000
1771889992.760818,0,0.000000,30.540000,0.000000,0.000000,0.000000,0.000000,0.990000,0.440000,8.000000,26.200000
1771889992.788507,0,0.000000,30.530000,0.000000,0.050000,0.000000,0.000000,1.000000,0.430000,8.000000,26.210000
1771889992.788507,0,0.000000,29.300000,0.000000,0.010000,0.000000,0.000000,0.990000,0.430000,8.000000,26.220000
1771889992.808360,0,0.000000,30.370000,0.000000,0.100000,0.000000,0.000000,0.990000,0.430000,8.000000,26.250000
1771889992.808360,0,0.000000,29.350000,0.000000,0.000000,0.000000,0.000000,1.000000,0.400000,8.000000,26.260000
1771889992.839704,0,0.000000,29.790000,0.000000,-0.050000,0.000000,0.000000,1.000000,0.340000,8.000000,26.280000
1771889992.843404,0,0.000000,29.260000,0.000000,-0.020000,0.000000,0.000000,0.990000,0.280000,8.000000,26.290000
1771889992.855426,0,0.000000,30.540000,0.000000,-0.020000,0.000000,0.000000,0.990000,0.250000,8.000000,26.300000
1771889992.870558,0,0.000000,29.690000,0.000000,-0.090000,0.000000,0.000000,0.990000,0.230000,8.000000,26.320000
1771889992.894308,0,0.000000,30.540000,0.000000,0.000000,0.000000,0.000000,0.970000,0.200000,8.000000,26.340000
1771889992.930252,0,0.000000,30.270000,0.000000,0.000000,0.000000,0.000000,0.890000,0.170000,8.000000,26.360000
1771889992.931290,0,0.000000,30.530000,0.000000,0.010000,0.000000,0.000000,0.810000,0.120000,8.000000,26.370000
1771889992.959109,0,0.000000,30.220000,0.000000,-0.050000,0.000000,0.000000,0.680000,0.100000,8.000000,26.380000
1771889992.959109,0,0.000000,29.300000,0.000000,-0.030000,0.000000,0.000000,0.560000,0.070000,8.000000,26.390000
1771889992.979216,0,0.000000,29.400000,0.000000,-0.010000,0.000000,0.000000,0.440000,0.050000,8.000000,26.420000
1771889992.979216,0,0.000000,30.620000,0.000000,-0.010000,0.000000,0.000000,0.330000,0.020000,8.000000,26.430000
1771889993.010834,0,0.000000,30.450000,0.000000,-0.050000,0.000000,0.000000,0.230000,0.000000,8.000000,26.450000
1771889993.010834,0,0.000000,30.200000,0.000000,-0.070000,0.000000,0.000000,0.150000,0.000000,8.000000,26.450000
1771889993.042265,0,0.000000,30.370000,0.000000,-0.100000,0.000000,0.000000,0.110000,0.000000,8.000000,26.470000
1771889993.042265,0,0.000000,30.370000,0.000000,-0.050000,0.000000,0.000000,0.090000,0.000000,8.000000,26.480000
1771889993.062611,0,0.000000,30.560000,0.000000,-0.050000,0.000000,0.000000,0.050000,0.000000,8.000000,26.510000
1771889993.062611,0,0.000000,29.090000,0.000000,-0.050000,0.000000,0.000000,0.010000,0.000000,8.000000,26.530000
1771889993.097132,0,0.000000,30.100000,0.000000,-0.050000,0.000000,0.000000,0.000000,0.000000,8.000000,26.540000
1771889993.097132,0,0.000000,28.800000,0.000000,-0.070000,0.000000,0.000000,0.000000,0.000000,8.000000,26.550000
1771889993.118960,0,0.000000,30.560000,0.000000,0.000000,0.000000,0.000000,0.000000,0.010000,8.000000,26.560000
1771889993.142594,0,0.000000,29.320000,0.000000,-0.050000,0.000000,0.000000,0.000000,0.030000,8.000000,26.590000
1771889993.142594,0,0.000000,30.200000,0.000000,-0.070000,0.000000,0.000000,0.000000,0.070000,8.000000,26.600000
1771889993.179393,0,0.000000,30.600000,0.000000,-0.030000,0.000000,0.000000,0.000000,0.150000,8.000000,26.620000
1771889993.179393,0,0.000000,30.250000,0.000000,-0.200000,0.000000,0.000000,0.000000,0.200000,8.000000,26.620000
1771889993.208632,0,0.000000,29.500000,0.000000,-0.050000,0.000000,0.000000,0.000000,0.250000,8.000000,26.640000
1771889993.235210,0,0.000000,30.420000,0.000000,0.000000,0.000000,0.000000,0.000000,0.330000,8.000000,26.650000
1771889993.235210,0,0.000000,29.470000,0.000000,-0.030000,0.000000,0.000000,0.000000,0.410000,8.000000,26.680000
1771889993.263061,0,0.000000,28.920000,0.000000,0.000000,0.000000,0.000000,0.020000,0.500000,8.000000,26.690000
1771889993.283952,0,0.000000,28.120000,0.000000,-0.050000,0.000000,0.000000,0.070000,0.580000,8.000000,26.700000
1771889993.288975,0,0.000000,29.260000,0.000000,-0.090000,0.000000,0.000000,0.120000,0.680000,8.000000,26.710000
1771889993.288975,0,0.000000,30.480000,0.000000,0.000000,0.000000,0.000000,0.150000,0.750000,8.000000,26.730000
1771889993.315267,0,0.000000,30.530000,0.000000,-0.050000,0.000000,0.000000,0.180000,0.810000,8.000000,26.760000
1771889993.315267,0,0.000000,29.290000,0.000000,-0.070000,0.000000,0.000000,0.180000,0.850000,8.000000,26.770000
1771889993.330992,0,0.000000,30.450000,0.000000,-0.050000,0.000000,0.000000,0.200000,0.870000,8.000000,26.790000
1771889993.371865,0,0.000000,30.480000,0.000000,-0.030000,0.000000,0.000000,0.230000,0.870000,8.000000,26.790000
1771889993.371865,0,0.000000,30.190000,0.000000,-0.050000,0.000000,0.000000,0.250000,0.830000,8.000000,26.810000
1771889993.394044,0,0.000000,30.460000,0.000000,0.000000,0.000000,0.000000,0.270000,0.800000,8.000000,26.820000
1771889993.399805,0,0.000000,28.860000,0.000000,0.000000,0.000000,0.000000,0.280000,0.750000,8.000000,26.850000
1771889993.425833,0,0.000000,30.540000,0.000000,-0.020000,0.000000,0.000000,0.310000,0.720000,8.000000,26.860000
1771889993.425833,0,0.000000,30.370000,0.000000,-0.010000,0.000000,0.000000,0.340000,0.690000,8.000000,26.870000
1771889993.444643,0,0.000000,30.190000,0.000000,-0.010000,0.000000,0.000000,0.360000,0.640000,8.000000,26.880000
1771889993.444643,0,0.000000,30.560000,0.000000,0.000000,0.000000,0.000000,0.370000,0.580000,8.000000,26.900000
1771889993.484332,0,0.000000,30.600000,0.000000,0.010000,0.000000,0.000000,0.400000,0.520000,8.000000,26.920000
1771889993.511936,0,0.000000,30.560000,0.000000,-0.030000,0.000000,0.000000,0.400000,0.430000,8.000000,26.940000
1771889993.512955,0,0.000000,30.460000,0.000000,0.020000,0.000000,0.000000,0.410000,0.360000,8.000000,26.950000
1771889993.540832,0,0.000000,29.300000,0.000000,0.020000,0.000000,0.000000,0.430000,0.270000,8.000000,26.960000
1771889993.540832,0,0.000000,30.560000,0.000000,0.000000,0.000000,0.000000,0.430000,0.200000,8.000000,26.970000
1771889993.560076,0,0.000000,29.320000,0.000000,0.000000,0.000000,0.000000,0.440000,0.150000,8.000000,27.000000
1771889993.569181,0,0.000000,29.110000,0.000000,0.000000,0.000000,0.000000,0.440000,0.100000,8.000000,27.020000
1771889993.600426,0,0.000000,29.200000,0.000000,0.000000,0.000000,0.000000,0.430000,0.070000,8.000000,27.030000
1771889993.631416,0,0.000000,29.200000,0.000000,-0.030000,0.000000,0.000000,0.410000,0.050000,8.000000,27.040000
1771889993.631416,0,0.000000,29.320000,0.000000,-0.020000,0.000000,0.000000,0.400000,0.020000,8.000000,27.050000
1771889993.631416,0,0.000000,30.620000,0.000000,0.050000,0.000000,0.000000,0.400000,0.000000,8.000000,27.070000
1771889993.654005,0,0.000000,30.510000,0.000000,-0.050000,0.000000,0.000000,0.380000,0.000000,8.000000,27.090000
1771889993.654005,0,0.000000,30.560000,0.000000,0.000000,0.000000,0.000000,0.370000,0.000000,8.000000,27.110000
1771889993.684746,0,0.000000,30.420000,0.000000,0.000000,0.000000,0.000000,0.370000,0.000000,8.000000,27.120000
1771889993.684746,0,0.000000,30.270000,0.000000,0.030000,0.000000,0.000000,0.370000,0.000000,8.000000,27.130000
1771889993.729719,0,0.000000,30.290000,0.000000,-0.070000,0.000000,0.000000,0.360000,0.000000,8.000000,27.150000
1771889993.729719,0,0.000000,30.560000,0.000000,0.000000,0.000000,0.000000,0.340000,0.000000,8.000000,27.170000
1771889993.762895,0,0.000000,29.350000,0.000000,0.000000,0.000000,0.000000,0.330000,0.000000,8.000000,27.190000
1771889993.762895,0,0.000000,29.670000,0.000000,0.020000,0.000000,0.000000,0.310000,0.000000,8.000000,27.200000
1771889993.813301,0,0.000000,29.090000,0.000000,0.000000,0.000000,0.000000,0.310000,0.000000,8.000000,27.210000
1771889993.815312,0,0.000000,30.540000,0.000000,0.000000,0.000000,0.000000,0.310000,0.000000,8.000000,27.220000
1771889993.858206,0,0.000000,30.200000,0.000000,-0.020000,0.000000,0.000000,0.310000,0.000000,8.000000,27.250000
1771889993.858206,0,0.000000,28.870000,0.000000,-0.070000,0.000000,0.000000,0.300000,0.000000,8.000000,27.260000
1771889993.858206,0,0.000000,30.630000,0.000000,0.000000,0.000000,0.000000,0.300000,0.000000,8.000000,27.280000
1771889993.858206,0,0.000000,30.600000,0.000000,-0.010000,0.000000,0.000000,0.300000,0.000000,8.000000,27.290000
1771889993.919178,0,0.000000,30.560000,0.000000,-0.020000,0.000000,0.000000,0.280000,0.000000,8.000000,27.300000
1771889993.921240,0,0.000000,30.290000,0.000000,-0.020000,0.000000,0.000000,0.280000,0.000000,8.000000,27.310000
1771889993.923248,0,0.000000,30.600000,0.000000,0.030000,0.000000,0.000000,0.280000,0.000000,8.000000,27.340000
1771889993.923248,0,0.000000,30.560000,0.000000,0.000000,0.000000,0.000000,0.280000,0.000000,8.000000,27.350000
1771889993.969828,0,0.000000,30.420000,0.000000,0.000000,0.000000,0.000000,0.280000,0.000000,8.000000,27.370000
1771889993.969828,0,0.000000,30.600000,0.000000,0.030000,0.000000,0.000000,0.270000,0.000000,8.000000,27.370000
1771889993.971834,0,0.000000,30.460000,0.000000,0.000000,0.000000,0.000000,0.280000,0.000000,8.000000,27.390000
1771889993.971834,0,0.000000,30.600000,0.000000,-0.100000,0.000000,0.000000,0.270000,0.000000,8.000000,27.400000
1771889994.016922,0,0.000000,30.600000,0.000000,-0.030000,0.000000,0.000000,0.280000,0.000000,8.000000,27.430000
1771889994.016922,0,0.000000,30.630000,0.000000,0.000000,0.000000,0.000000,0.270000,0.000000,8.000000,27.440000
1771889994.060476,0,0.000000,30.600000,0.000000,0.010000,0.000000,0.000000,0.270000,0.000000,8.000000,27.450000
1771889994.060476,0,0.000000,28.970000,0.000000,0.020000,0.000000,0.000000,0.270000,0.000000,8.000000,27.460000
1771889994.062485,0,0.000000,29.350000,0.000000,0.000000,0.000000,0.000000,0.250000,0.000000,8.000000,27.480000
1771889994.105875,0,0.000000,30.050000,0.000000,-0.010000,0.000000,0.000000,0.250000,0.000000,8.000000,27.510000
1771889994.109335,0,0.000000,30.220000,0.000000,0.000000,0.000000,0.000000,0.250000,0.000000,8.000000,27.520000
1771889994.109841,0,0.000000,29.450000,0.000000,0.000000,0.000000,0.000000,0.230000,0.000000,8.000000,27.540000
1771889994.163782,0,0.000000,30.530000,0.000000,0.000000,0.000000,0.000000,0.230000,0.000000,8.000000,27.540000
1771889994.163782,0,0.000000,29.400000,0.000000,0.030000,0.000000,0.000000,0.230000,0.000000,8.000000,27.560000
1771889994.165795,0,0.000000,30.530000,0.000000,0.010000,0.000000,0.000000,0.230000,0.000000,8.000000,27.570000
1771889994.215747,0,0.000000,30.510000,0.000000,-0.020000,0.000000,0.000000,0.210000,0.000000,8.000000,27.600000
1771889994.217756,0,0.000000,29.370000,0.000000,0.000000,0.000000,0.000000,0.210000,0.000000,8.000000,27.610000
1771889994.217756,0,0.000000,30.460000,0.000000,-0.070000,0.000000,0.000000,0.200000,0.000000,8.000000,27.620000
1771889994.219763,0,0.000000,30.250000,0.000000,0.000000,0.000000,0.000000,0.200000,0.000000,8.000000,27.630000
1771889994.271936,0,0.000000,29.400000,0.000000,0.000000,0.000000,0.000000,0.200000,0.000000,8.000000,27.650000
1771889994.271936,0,0.000000,30.510000,0.000000,0.000000,0.000000,0.000000,0.200000,0.000000,8.000000,27.670000
1771889994.273945,0,0.000000,30.170000,0.000000,0.050000,0.000000,0.000000,0.180000,0.000000,8.000000,27.690000
1771889994.327750,0,0.000000,30.220000,0.000000,-0.030000,0.000000,0.000000,0.180000,0.000000,8.000000,27.700000
1771889994.327750,0,0.000000,29.400000,0.000000,0.000000,0.000000,0.000000,0.180000,0.000000,8.000000,27.710000
1771889994.329758,0,0.000000,30.460000,0.000000,0.010000,0.000000,0.000000,0.180000,0.000000,8.000000,27.720000
1771889994.329758,0,0.000000,28.970000,0.000000,0.010000,0.000000,0.000000,0.170000,0.000000,8.000000,27.750000
1771889994.331766,0,0.000000,30.540000,0.000000,0.050000,0.000000,0.000000,0.170000,0.000000,8.000000,27.760000
1771889994.364892,0,0.000000,30.700000,0.000000,0.020000,0.000000,0.000000,0.150000,0.000000,8.000000,27.780000
1771889994.364892,0,0.000000,30.600000,0.000000,-0.050000,0.000000,0.000000,0.150000,0.000000,8.000000,27.790000
1771889994.364892,0,0.000000,30.600000,0.000000,0.020000,0.000000,0.000000,0.150000,0.000000,8.000000,27.800000
1771889994.425252,0,0.000000,30.600000,0.000000,-0.020000,0.000000,0.000000,0.150000,0.000000,8.000000,27.810000
1771889994.427408,0,0.000000,30.420000,0.000000,0.000000,0.000000,0.000000,0.150000,0.000000,8.000000,27.840000
1771889994.427408,0,0.000000,30.360000,0.000000,0.050000,0.000000,0.000000,0.150000,0.000000,8.000000,27.850000
1771889994.468187,0,0.000000,30.270000,0.000000,0.000000,0.000000,0.000000,0.150000,0.000000,8.000000,27.870000
1771889994.468187,0,0.000000,30.200000,0.000000,-0.100000,0.000000,0.000000,0.150000,0.000000,8.000000,27.880000
1771889994.468187,0,0.000000,30.620000,0.000000,0.050000,0.000000,0.000000,0.150000,0.000000,8.000000,27.890000
1771889994.507200,0,0.000000,30.700000,0.000000,-0.010000,0.000000,0.000000,0.150000,0.000000,8.000000,27.920000
1771889994.507726,0,0.000000,29.380000,0.000000,0.000000,0.000000,0.000000,0.150000,0.000000,8.000000,27.930000
1771889994.507726,0,0.000000,29.260000,0.000000,0.050000,0.000000,0.000000,0.170000,0.000000,8.000000,27.950000
1771889994.540102,0,0.000000,29.350000,0.000000,0.020000,0.000000,0.000000,0.170000,0.000000,8.000000,27.950000
1771889994.542110,0,0.000000,30.620000,0.000000,0.000000,0.000000,0.000000,0.170000,0.000000,8.000000,27.970000
1771889994.576714,0,0.000000,30.270000,0.000000,0.000000,0.000000,0.000000,0.170000,0.000000,8.000000,27.980000
1771889994.577762,0,0.000000,29.320000,0.000000,0.050000,0.000000,0.000000,0.180000,0.000000,8.000000,28.010000
1771889994.578285,0,0.000000,30.530000,0.000000,0.070000,0.000000,0.000000,0.180000,0.000000,8.000000,28.020000
1771889994.612910,0,0.000000,30.700000,0.000000,0.100000,0.000000,0.000000,0.200000,0.000000,8.000000,28.040000
1771889994.614500,0,0.000000,30.530000,0.000000,0.000000,0.000000,0.000000,0.210000,0.000000,8.000000,28.040000
1771889994.649866,0,0.000000,30.530000,0.000000,0.100000,0.000000,0.000000,0.230000,0.000000,8.000000,28.060000
1771889994.650993,0,0.000000,30.530000,0.000000,0.100000,0.000000,0.000000,0.270000,0.000000,8.000000,28.090000
1771889994.652043,0,0.000000,29.370000,0.000000,0.100000,0.000000,0.000000,0.300000,0.000000,8.000000,28.100000
1771889994.683043,0,0.000000,30.290000,0.000000,0.100000,0.000000,0.000000,0.330000,0.000000,8.000000,28.110000
1771889994.685564,0,0.000000,29.320000,0.000000,0.100000,0.000000,0.000000,0.360000,0.000000,8.000000,28.120000
1771889994.716902,0,0.000000,30.460000,0.000000,0.180000,0.000000,0.000000,0.400000,0.000000,8.000000,28.140000
1771889994.716902,0,0.000000,29.350000,0.000000,0.100000,0.000000,0.000000,0.430000,0.000000,8.000000,28.150000
1771889994.756131,0,0.000000,30.530000,0.000000,0.200000,0.000000,0.000000,0.460000,0.000000,8.000000,28.180000
1771889994.756131,0,0.000000,30.540000,0.000000,0.180000,0.000000,0.000000,0.500000,0.000000,8.000000,28.190000
1771889994.798459,0,0.000000,30.510000,0.000000,0.140000,0.000000,0.000000,0.510000,0.000000,8.000000,28.200000
1771889994.798459,0,0.000000,30.220000,0.000000,0.210000,0.000000,0.000000,0.540000,0.000000,8.000000,28.210000
1771889994.800466,0,0.000000,30.630000,0.000000,0.200000,0.000000,0.000000,0.560000,0.000000,8.000000,28.230000
1771889994.838915,0,0.000000,30.190000,0.000000,0.270000,0.000000,0.000000,0.560000,0.000000,8.000000,28.250000
1771889994.840922,0,0.000000,29.350000,0.000000,0.310000,0.000000,0.000000,0.570000,0.000000,8.000000,28.270000
1771889994.842929,0,0.000000,30.360000,0.000000,0.360000,0.000000,0.000000,0.600000,0.000000,8.000000,28.280000
1771889994.878616,0,0.000000,30.510000,0.000000,0.510000,0.000000,0.000000,0.610000,0.000000,8.000000,28.290000
1771889994.917972,0,0.000000,30.460000,0.000000,0.600000,0.000000,0.000000,0.630000,0.000000,8.000000,28.310000
1771889994.917972,0,0.000000,30.460000,0.000000,0.740000,0.000000,0.000000,0.670000,0.000000,8.000000,28.320000
1771889994.920483,0,0.000000,29.320000,0.000000,0.800000,0.000000,0.000000,0.680000,0.000000,8.000000,28.350000
1771889994.956311,0,0.000000,30.420000,0.000000,0.880000,0.000000,0.000000,0.700000,0.000000,8.000000,28.360000
1771889994.958318,0,0.000000,29.110000,0.000000,0.940000,0.000000,0.000000,0.730000,0.000000,8.000000,28.370000
1771889994.958318,0,0.000000,30.510000,0.000000,1.010000,0.000000,0.000000,0.750000,0.000000,8.000000,28.380000
1771889995.001560,0,0.000000,30.200000,0.000000,1.080000,0.000000,0.000000,0.770000,0.000000,8.000000,28.400000
1771889995.002566,0,0.000000,29.260000,0.000000,1.230000,0.000000,0.000000,0.800000,0.000000,8.000000,28.420000
1771889995.003567,0,0.000000,30.340000,0.000000,1.370000,0.000000,0.000000,0.810000,0.000000,8.000000,28.430000
1771889995.004568,0,0.000000,29.670000,0.000000,1.360000,0.000000,0.000000,0.820000,0.000000,8.000000,28.450000
1771889995.043485,0,0.000000,30.540000,0.000000,1.360000,0.000000,0.000000,0.830000,0.000000,8.000000,28.450000
1771889995.045490,0,0.000000,30.540000,0.000000,1.360000,0.000000,0.000000,0.850000,0.000000,8.000000,28.470000
1771889995.087180,0,0.000000,29.110000,0.000000,1.400000,0.000000,0.000000,0.860000,0.000000,8.000000,28.500000
1771889995.088182,0,0.000000,30.390000,0.000000,1.380000,0.000000,0.000000,0.860000,0.000000,8.000000,28.510000
1771889995.090067,0,0.000000,30.480000,0.000000,1.450000,0.000000,0.000000,0.870000,0.000000,8.000000,28.530000
1771889995.123559,0,0.000000,30.540000,0.000000,1.470000,0.000000,0.000000,0.870000,0.000000,8.000000,28.540000
1771889995.132036,0,0.000000,30.480000,0.000000,1.490000,0.000000,0.000000,0.870000,0.000000,8.000000,28.550000
1771889995.174624,0,0.000000,30.420000,0.000000,1.540000,0.000000,0.000000,0.880000,0.000000,8.000000,28.560000
1771889995.174624,0,0.000000,28.800000,0.000000,1.580000,0.000000,0.000000,0.880000,0.000000,8.000000,28.590000
1771889995.174624,0,0.000000,30.530000,0.000000,1.540000,0.000000,0.000000,0.870000,0.000000,8.000000,28.600000
1771889995.222859,0,0.000000,29.540000,0.000000,1.550000,0.000000,0.000000,0.870000,0.000000,8.000000,28.620000
1771889995.224813,0,0.000000,28.790000,0.000000,1.340000,0.000000,0.000000,0.850000,0.000000,8.000000,28.620000
1771889995.226820,0,0.000000,28.920000,0.000000,1.120000,0.000000,0.000000,0.820000,0.000000,8.000000,28.640000
1771889995.263566,0,0.000000,30.480000,0.000000,0.990000,0.000000,0.000000,0.790000,0.000000,8.000000,28.650000
1771889995.265505,0,0.000000,30.270000,0.000000,0.740000,0.000000,0.000000,0.750000,0.000000,8.000000,28.680000
1771889995.266516,0,0.000000,30.250000,0.000000,0.550000,0.000000,0.000000,0.700000,0.000000,8.000000,28.700000
1771889995.303749,0,0.000000,30.510000,0.000000,0.400000,0.000000,0.000000,0.670000,0.000000,8.000000,28.700000
1771889995.306625,0,0.000000,30.290000,0.000000,0.300000,0.000000,0.000000,0.630000,0.000000,8.000000,28.720000
1771889995.306625,0,0.000000,30.200000,0.000000,0.210000,0.000000,0.000000,0.600000,0.000000,8.000000,28.730000
1771889995.336518,0,0.000000,30.370000,0.000000,0.090000,0.000000,0.000000,0.560000,0.000000,8.000000,28.760000
1771889995.336518,0,0.000000,29.300000,0.000000,0.200000,0.000000,0.000000,0.500000,0.000000,8.000000,28.770000
1771889995.336518,0,0.000000,30.540000,0.000000,0.000000,0.000000,0.000000,0.440000,0.000000,8.000000,28.790000
1771889995.385151,0,0.000000,30.460000,0.000000,-0.050000,0.000000,0.000000,0.400000,0.000000,8.000000,28.790000
1771889995.387149,0,0.000000,30.600000,0.000000,-0.100000,0.000000,0.000000,0.370000,0.000000,8.000000,28.810000
1771889995.388151,0,0.000000,30.220000,0.000000,-0.070000,0.000000,0.000000,0.340000,0.000000,8.000000,28.840000
1771889995.428282,0,0.000000,29.350000,0.000000,-0.100000,0.000000,0.000000,0.310000,0.000000,8.000000,28.850000
1771889995.428282,0,0.000000,29.320000,0.000000,-0.100000,0.000000,0.000000,0.310000,0.000000,8.000000,28.870000
1771889995.469464,0,0.000000,30.510000,0.000000,-0.050000,0.000000,0.000000,0.310000,0.000000,8.000000,28.870000
1771889995.471002,0,0.000000,30.510000,0.000000,0.000000,0.000000,0.000000,0.300000,0.000000,8.000000,28.890000
1771889995.471002,0,0.000000,29.370000,0.000000,-0.010000,0.000000,0.000000,0.300000,0.000000,8.000000,28.900000
1771889995.512959,0,0.000000,28.020000,0.000000,0.010000,0.000000,0.000000,0.300000,0.000000,8.000000,28.920000
1771889995.514969,0,0.000000,30.340000,0.000000,-0.010000,0.000000,0.000000,0.280000,0.000000,8.000000,28.940000
1771889995.516515,0,0.000000,30.450000,0.000000,-0.030000,0.000000,0.000000,0.270000,0.000000,8.000000,28.950000
1771889995.553536,0,0.000000,30.600000,0.000000,-0.020000,0.000000,0.000000,0.250000,0.000000,8.000000,28.960000
1771889995.553536,0,0.000000,30.540000,0.000000,-0.070000,0.000000,0.000000,0.250000,0.000000,8.000000,28.980000
1771889995.553536,0,0.000000,30.530000,0.000000,0.000000,0.000000,0.000000,0.230000,0.000000,8.000000,29.000000
1771889995.604430,0,0.000000,30.310000,0.000000,-0.020000,0.000000,0.000000,0.230000,0.000000,8.000000,29.020000
1771889995.604430,0,0.000000,30.220000,0.000000,-0.030000,0.000000,0.000000,0.230000,0.000000,8.000000,29.030000
1771889995.647382,0,0.000000,30.120000,0.000000,-0.070000,0.000000,0.000000,0.210000,0.000000,8.000000,29.040000
1771889995.648381,0,0.000000,30.270000,0.000000,-0.050000,0.000000,0.000000,0.200000,0.000000,8.000000,29.050000
1771889995.648848,0,0.000000,29.400000,0.000000,-0.070000,0.000000,0.000000,0.200000,0.000000,8.000000,29.070000
1771889995.686342,0,0.000000,28.000000,0.000000,-0.050000,0.000000,0.000000,0.180000,0.000000,8.000000,29.090000
1771889995.686342,0,0.000000,29.290000,0.000000,-0.050000,0.000000,0.000000,0.180000,0.000000,8.000000,29.110000
1771889995.690694,0,0.000000,30.510000,0.000000,-0.070000,0.000000,0.000000,0.180000,0.000000,8.000000,29.120000
1771889995.690694,0,0.000000,29.150000,0.000000,-0.050000,0.000000,0.000000,0.180000,0.000000,8.000000,29.130000
1771889995.726860,0,0.000000,30.560000,0.000000,0.000000,0.000000,0.000000,0.180000,0.000000,8.000000,29.140000
1771889995.726860,0,0.000000,29.370000,0.000000,-0.050000,0.000000,0.000000,0.180000,0.000000,8.000000,29.170000
1771889995.773612,0,0.000000,29.320000,0.000000,-0.020000,0.000000,0.000000,0.180000,0.000000,8.000000,29.180000
1771889995.774618,0,0.000000,29.060000,0.000000,-0.070000,0.000000,0.000000,0.180000,0.000000,8.000000,29.200000
1771889995.776627,0,0.000000,30.560000,0.000000,-0.050000,0.000000,0.000000,0.180000,0.000000,8.000000,29.200000
1771889995.814858,0,0.000000,30.450000,0.000000,-0.150000,0.000000,0.000000,0.180000,0.000000,8.000000,29.220000
1771889995.814858,0,0.000000,29.350000,0.000000,-0.140000,0.000000,0.000000,0.180000,0.000000,8.000000,29.230000
1771889995.858696,0,0.000000,29.370000,0.000000,-0.030000,0.000000,0.000000,0.180000,0.000000,8.000000,29.260000
1771889995.860708,0,0.000000,29.120000,0.000000,-0.070000,0.000000,0.000000,0.180000,0.000000,8.000000,29.280000
1771889995.860708,0,0.000000,30.450000,0.000000,-0.100000,0.000000,0.000000,0.180000,0.000000,8.000000,29.290000
1771889995.860708,0,0.000000,30.390000,0.000000,-0.070000,0.000000,0.000000,0.200000,0.000000,8.000000,29.290000
1771889995.897902,0,0.000000,30.560000,0.000000,-0.050000,0.000000,0.000000,0.200000,0.000000,8.000000,29.310000
1771889995.897902,0,0.000000,30.250000,0.000000,-0.100000,0.000000,0.000000,0.200000,0.000000,8.000000,29.320000
1771889995.899909,0,0.000000,29.950000,0.000000,-0.100000,0.000000,0.000000,0.210000,0.000000,8.000000,29.350000
1771889995.936865,0,0.000000,30.630000,0.000000,-0.120000,0.000000,0.000000,0.230000,0.000000,8.000000,29.360000
1771889995.963991,0,0.000000,30.650000,0.000000,-0.120000,0.000000,0.000000,0.230000,0.000000,8.000000,29.370000
1771889995.963991,0,0.000000,29.350000,0.000000,-0.070000,0.000000,0.000000,0.230000,0.000000,8.000000,29.390000
1771889995.969510,0,0.000000,30.560000,0.000000,-0.110000,0.000000,0.000000,0.230000,0.000000,8.000000,29.400000
1771889996.003239,0,0.000000,30.460000,0.000000,-0.120000,0.000000,0.000000,0.210000,0.000000,8.000000,29.430000
1771889996.003239,0,0.000000,30.370000,0.000000,-0.140000,0.000000,0.000000,0.210000,0.000000,8.000000,29.440000
1771889996.026940,0,0.000000,29.200000,0.000000,-0.100000,0.000000,0.000000,0.200000,0.000000,8.000000,29.450000
1771889996.026940,0,0.000000,30.530000,0.000000,-0.070000,0.000000,0.000000,0.200000,0.000000,8.000000,29.460000
1771889996.026940,0,0.000000,30.370000,0.000000,-0.100000,0.000000,0.000000,0.200000,0.000000,8.000000,29.480000
1771889996.072122,0,0.000000,30.220000,0.000000,-0.180000,0.000000,0.000000,0.200000,0.000000,8.000000,29.500000
1771889996.072122,0,0.000000,30.340000,0.000000,-0.140000,0.000000,0.000000,0.200000,0.000000,8.000000,29.520000
1771889996.111820,0,0.000000,30.600000,0.000000,-0.230000,0.000000,0.000000,0.200000,0.000000,8.000000,29.530000
1771889996.111820,0,0.000000,30.540000,0.000000,-0.110000,0.000000,0.000000,0.200000,0.000000,8.000000,29.540000
1771889996.157085,0,0.000000,30.460000,0.000000,-0.140000,0.000000,0.000000,0.200000,0.000000,8.000000,29.550000
1771889996.157085,0,0.000000,30.370000,0.000000,-0.250000,0.000000,0.000000,0.200000,0.000000,8.000000,29.570000
1771889996.157085,0,0.000000,30.540000,0.000000,-0.150000,0.000000,0.000000,0.180000,0.000000,8.000000,29.590000
1771889996.157085,0,0.000000,30.630000,0.000000,-0.230000,0.000000,0.000000,0.200000,0.000000,8.000000,29.610000
1771889996.195305,0,0.000000,30.540000,0.000000,-0.170000,0.000000,0.000000,0.200000,0.000000,8.000000,29.620000
1771889996.195305,0,0.000000,30.540000,0.000000,-0.100000,0.000000,0.000000,0.200000,0.000000,8.000000,29.630000
1771889996.222539,0,0.000000,28.940000,0.000000,-0.140000,0.000000,0.000000,0.200000,0.000000,8.000000,29.640000
1771889996.222539,0,0.000000,29.320000,0.000000,-0.100000,0.000000,0.000000,0.200000,0.000000,8.000000,29.670000
1771889996.250596,0,0.000000,29.350000,0.000000,-0.120000,0.000000,0.000000,0.210000,0.000000,8.000000,29.690000
1771889996.250596,0,0.000000,28.950000,0.000000,-0.150000,0.000000,0.000000,0.230000,0.000000,8.000000,29.700000
1771889996.282292,0,0.000000,30.530000,0.000000,-0.100000,0.000000,0.000000,0.230000,0.000000,8.000000,29.710000
1771889996.282292,0,0.000000,29.400000,0.000000,-0.200000,0.000000,0.000000,0.230000,0.000000,8.000000,29.720000
1771889996.322442,0,0.000000,28.970000,0.000000,-0.140000,0.000000,0.000000,0.250000,0.000000,8.000000,29.750000
1771889996.325839,0,0.000000,30.420000,0.000000,-0.200000,0.000000,0.000000,0.250000,0.000000,8.000000,29.760000
1771889996.356062,0,0.000000,29.180000,0.000000,-0.230000,0.000000,0.000000,0.270000,0.000000,8.000000,29.780000
1771889996.356062,0,0.000000,28.140000,0.000000,-0.200000,0.000000,0.000000,0.280000,0.000000,8.000000,29.790000
1771889996.358067,0,0.000000,29.930000,0.000000,-0.250000,0.000000,0.000000,0.310000,0.000000,8.000000,29.790000
1771889996.377453,0,0.000000,28.970000,0.000000,-0.400000,0.000000,0.000000,0.330000,0.000000,8.000000,29.810000
1771889996.386580,0,0.000000,30.600000,0.000000,-0.310000,0.000000,0.000000,0.340000,0.000000,8.000000,29.820000
1771889996.420958,0,0.000000,29.380000,0.000000,-0.280000,0.000000,0.000000,0.360000,0.000000,8.000000,29.850000
1771889996.422468,0,0.000000,29.350000,0.000000,-0.270000,0.000000,0.000000,0.370000,0.000000,8.000000,29.860000
1771889996.455592,0,0.000000,29.320000,0.000000,-0.400000,0.000000,0.000000,0.400000,0.000000,8.000000,29.870000
1771889996.455592,0,0.000000,29.380000,0.000000,-0.460000,0.000000,0.000000,0.410000,0.000000,8.000000,29.890000
1771889996.486869,0,0.000000,29.300000,0.000000,-0.460000,0.000000,0.000000,0.430000,0.000000,8.000000,29.900000
1771889996.486869,0,0.000000,30.220000,0.000000,-0.500000,0.000000,0.000000,0.460000,0.000000,8.000000,29.930000
1771889996.522631,0,0.000000,29.030000,0.000000,-0.470000,0.000000,0.000000,0.500000,0.000000,8.000000,29.940000
1771889996.522631,0,0.000000,30.290000,0.000000,-0.500000,0.000000,0.000000,0.520000,0.000000,8.000000,29.950000
1771889996.522631,0,0.000000,30.650000,0.000000,-0.510000,0.000000,0.000000,0.560000,0.000000,8.000000,29.960000
1771889996.564306,0,0.000000,30.390000,0.000000,-0.560000,0.000000,0.000000,0.580000,0.000000,8.000000,29.980000
1771889996.564306,0,0.000000,30.310000,0.000000,-0.670000,0.000000,0.000000,0.620000,0.000000,8.000000,30.000000
1771889996.566046,0,0.000000,30.310000,0.000000,-0.610000,0.000000,0.000000,0.660000,0.000000,8.000000,30.020000
1771889996.596222,0,0.000000,30.630000,0.000000,-0.660000,0.000000,0.000000,0.690000,0.000000,8.000000,30.030000
1771889996.596222,0,0.000000,30.340000,0.000000,-0.620000,0.000000,0.000000,0.740000,0.000000,8.000000,30.040000
1771889996.625482,0,0.000000,30.650000,0.000000,-0.720000,0.000000,0.000000,0.760000,0.000000,8.000000,30.050000
1771889996.625482,0,0.000000,30.700000,0.000000,-0.820000,0.000000,0.000000,0.810000,0.000000,8.000000,30.070000
1771889996.654106,0,0.000000,30.600000,0.000000,-0.810000,0.000000,0.000000,0.830000,0.000000,8.000000,30.090000
1771889996.654106,0,0.000000,30.600000,0.000000,-0.750000,0.000000,0.000000,0.870000,0.000000,8.000000,30.110000
1771889996.680895,0,0.000000,30.560000,0.000000,-0.760000,0.000000,0.000000,0.880000,0.000000,8.000000,30.120000
1771889996.707016,0,0.000000,30.560000,0.000000,-0.760000,0.000000,0.000000,0.920000,0.000000,8.000000,30.130000
1771889996.707016,0,0.000000,30.650000,0.000000,-0.860000,0.000000,0.000000,0.930000,0.000000,8.000000,30.150000
1771889996.734945,0,0.000000,29.060000,0.000000,-0.970000,0.000000,0.000000,0.970000,0.000000,8.000000,30.170000
1771889996.734945,0,0.000000,30.620000,0.000000,-0.940000,0.000000,0.000000,0.990000,0.000000,8.000000,30.190000
1771889996.759999,0,0.000000,30.340000,0.000000,-0.910000,0.000000,0.000000,1.000000,0.000000,8.000000,30.200000
1771889996.759999,0,0.000000,30.510000,0.000000,-0.950000,0.000000,0.000000,0.990000,0.000000,8.000000,30.210000
1771889996.791523,0,0.000000,30.650000,0.000000,-0.920000,0.000000,0.000000,1.000000,0.000000,8.000000,30.220000
1771889996.817514,0,0.000000,30.540000,0.000000,-0.950000,0.000000,0.000000,1.000000,0.000000,8.000000,30.250000
1771889996.817514,0,0.000000,29.440000,0.000000,-0.930000,0.000000,0.000000,1.000000,0.000000,8.000000,30.260000
1771889996.842811,0,0.000000,28.250000,0.000000,-1.070000,0.000000,0.000000,1.000000,0.000000,8.000000,30.280000
1771889996.842811,0,0.000000,29.350000,0.000000,-0.970000,0.000000,0.000000,1.000000,0.000000,8.000000,30.290000
1771889996.858903,0,0.000000,30.630000,0.000000,-0.870000,0.000000,0.000000,0.990000,0.000000,8.000000,30.300000
1771889996.869785,0,0.000000,30.270000,0.000000,-0.890000,0.000000,0.000000,0.990000,0.000000,8.000000,30.310000
1771889996.895130,0,0.000000,29.440000,0.000000,-0.700000,0.000000,0.000000,0.970000,0.000000,8.000000,30.340000
1771889996.895130,0,0.000000,29.200000,0.000000,-0.670000,0.000000,0.000000,0.940000,0.000000,8.000000,30.360000
1771889996.937778,0,0.000000,30.650000,0.000000,-0.600000,0.000000,0.000000,0.910000,0.000000,8.000000,30.370000
1771889996.944012,0,0.000000,30.460000,0.000000,-0.500000,0.000000,0.000000,0.850000,0.000000,8.000000,30.370000
1771889996.944012,0,0.000000,30.600000,0.000000,-0.430000,0.000000,0.000000,0.750000,0.000000,8.000000,30.390000
1771889996.944012,0,0.000000,30.460000,0.000000,-0.310000,0.000000,0.000000,0.640000,0.000000,8.000000,30.400000
1771889997.003499,0,0.000000,30.200000,0.000000,-0.150000,0.000000,0.000000,0.570000,0.000000,8.000000,30.430000
1771889997.003499,0,0.000000,29.010000,0.000000,0.000000,0.000000,0.000000,0.520000,0.000000,8.000000,30.440000
1771889997.003499,0,0.000000,30.540000,0.000000,0.000000,0.000000,0.000000,0.460000,0.000000,8.000000,30.450000
1771889997.003499,0,0.000000,29.370000,0.000000,0.050000,0.000000,0.000000,0.400000,0.000000,8.000000,30.470000
1771889997.027111,0,0.000000,29.060000,0.000000,0.050000,0.000000,0.000000,0.360000,0.000000,8.000000,30.480000
1771889997.069871,0,0.000000,30.190000,0.000000,-0.020000,0.000000,0.000000,0.330000,0.000000,8.000000,30.510000
1771889997.094724,0,0.000000,30.250000,0.000000,0.000000,0.000000,0.000000,0.310000,0.000000,8.000000,30.520000
1771889997.094724,0,0.000000,29.520000,0.000000,0.000000,0.000000,0.000000,0.300000,0.000000,8.000000,30.540000
1771889997.126527,0,0.000000,30.480000,0.000000,0.230000,0.000000,0.000000,0.280000,0.000000,8.000000,30.540000
1771889997.128534,0,0.000000,29.350000,0.000000,0.280000,0.000000,0.000000,0.250000,0.000000,8.000000,30.560000
1771889997.128534,0,0.000000,30.600000,0.000000,0.070000,0.000000,0.000000,0.200000,0.000000,8.000000,30.570000
1771889997.154773,0,0.000000,30.290000,0.000000,0.230000,0.000000,0.000000,0.180000,0.000000,8.000000,30.590000
1771889997.180856,0,0.000000,30.530000,0.000000,0.250000,0.000000,0.000000,0.180000,0.000000,8.000000,30.610000
1771889997.180856,0,0.000000,29.380000,0.000000,0.170000,0.000000,0.000000,0.180000,0.000000,8.000000,30.620000
1771889997.206066,0,0.000000,30.600000,0.000000,0.170000,0.000000,0.000000,0.180000,0.000000,8.000000,30.630000
1771889997.206066,0,0.000000,29.320000,0.000000,0.200000,0.000000,0.000000,0.180000,0.000000,8.000000,30.650000
1771889997.223288,0,0.000000,30.560000,0.000000,0.300000,0.000000,0.000000,0.200000,0.000000,8.000000,30.670000
1771889997.223288,0,0.000000,30.620000,0.000000,0.140000,0.000000,0.000000,0.230000,0.000000,8.000000,30.690000
1771889997.263730,0,0.000000,30.650000,0.000000,0.110000,0.000000,0.000000,0.270000,0.000000,8.000000,30.700000
1771889997.263730,0,0.000000,29.320000,0.000000,-0.030000,0.000000,0.000000,0.310000,0.000000,8.000000,30.710000
1771889997.285378,0,0.000000,30.600000,0.000000,-0.020000,0.000000,0.000000,0.340000,0.000000,8.000000,30.720000
1771889997.291489,0,0.000000,30.630000,0.000000,0.000000,0.000000,0.000000,0.400000,0.000000,8.000000,30.750000
1771889997.315210,0,0.000000,30.630000,0.000000,-0.050000,0.000000,0.000000,0.430000,0.000000,8.000000,30.760000
1771889997.339568,0,0.000000,30.630000,0.000000,-0.020000,0.000000,0.000000,0.440000,0.000000,8.000000,30.780000
1771889997.339568,0,0.000000,30.460000,0.000000,0.000000,0.000000,0.000000,0.440000,0.000000,8.000000,30.790000
1771889997.361185,0,0.000000,30.420000,0.000000,0.000000,0.000000,0.000000,0.440000,0.000000,8.000000,30.800000
1771889997.364716,0,0.000000,30.190000,0.000000,-0.050000,0.000000,0.000000,0.440000,0.000000,8.000000,30.820000
1771889997.380643,0,0.000000,30.600000,0.000000,0.000000,0.000000,0.000000,0.430000,0.000000,8.000000,30.840000
1771889997.418090,0,0.000000,30.290000,0.000000,0.000000,0.000000,0.000000,0.430000,0.000000,8.000000,30.860000
1771889997.418090,0,0.000000,29.040000,0.000000,0.000000,0.000000,0.000000,0.400000,0.000000,8.000000,30.870000
1771889997.438183,0,0.000000,30.560000,0.000000,-0.020000,0.000000,0.000000,0.400000,0.000000,8.000000,30.880000
1771889997.443546,0,0.000000,30.510000,0.000000,-0.050000,0.000000,0.000000,0.380000,0.000000,8.000000,30.890000
1771889997.459240,0,0.000000,30.340000,0.000000,-0.030000,0.000000,0.000000,0.380000,0.000000,8.000000,30.920000
1771889997.459240,0,0.000000,30.540000,0.000000,-0.050000,0.000000,0.000000,0.370000,0.000000,8.000000,30.930000
1771889997.490869,0,0.000000,30.600000,0.000000,-0.050000,0.000000,0.000000,0.370000,0.000000,8.000000,30.950000
1771889997.523242,0,0.000000,30.360000,0.000000,-0.070000,0.000000,0.000000,0.370000,0.000000,8.000000,30.950000
1771889997.523242,0,0.000000,30.420000,0.000000,-0.070000,0.000000,0.000000,0.360000,0.000000,8.000000,30.970000
1771889997.550059,0,0.000000,30.200000,0.000000,0.000000,0.000000,0.000000,0.340000,0.000000,8.000000,30.980000
1771889997.572994,0,0.000000,29.040000,0.000000,-0.070000,0.000000,0.000000,0.340000,0.000000,8.000000,31.010000
1771889997.572994,0,0.000000,30.220000,0.000000,-0.030000,0.000000,0.000000,0.330000,0.000000,8.000000,31.020000
1771889997.599714,0,0.000000,30.600000,0.000000,-0.070000,0.000000,0.000000,0.310000,0.000000,8.000000,31.040000
1771889997.599714,0,0.000000,30.460000,0.000000,-0.030000,0.000000,0.000000,0.310000,0.000000,8.000000,31.050000
1771889997.623579,0,0.000000,30.540000,0.000000,-0.050000,0.000000,0.000000,0.310000,0.000000,8.000000,31.060000
1771889997.646711,0,0.000000,30.560000,0.000000,-0.010000,0.000000,0.000000,0.300000,0.000000,8.000000,31.090000
1771889997.646711,0,0.000000,29.370000,0.000000,-0.150000,0.000000,0.000000,0.280000,0.000000,8.000000,31.100000
1771889997.673484,0,0.000000,30.540000,0.000000,0.000000,0.000000,0.000000,0.250000,0.000000,8.000000,31.120000
1771889997.688678,0,0.000000,30.630000,0.000000,0.030000,0.000000,0.000000,0.250000,0.000000,8.000000,31.120000
1771889997.696790,0,0.000000,30.630000,0.000000,-0.010000,0.000000,0.000000,0.230000,0.000000,8.000000,31.140000
1771889997.726792,0,0.000000,30.480000,0.000000,-0.020000,0.000000,0.000000,0.230000,0.000000,8.000000,31.150000
1771889997.752891,0,0.000000,30.420000,0.000000,-0.070000,0.000000,0.000000,0.230000,0.000000,8.000000,31.180000
1771889997.752891,0,0.000000,29.300000,0.000000,0.000000,0.000000,0.000000,0.230000,0.000000,8.000000,31.200000
1771889997.779014,0,0.000000,30.120000,0.000000,-0.090000,0.000000,0.000000,0.210000,0.000000,8.000000,31.200000
1771889997.779014,0,0.000000,29.980000,0.000000,-0.050000,0.000000,0.000000,0.200000,0.000000,8.000000,31.220000
1771889997.809903,0,0.000000,30.630000,0.000000,-0.030000,0.000000,0.000000,0.200000,0.000000,8.000000,31.230000
1771889997.809903,0,0.000000,30.650000,0.000000,0.000000,0.000000,0.000000,0.200000,0.000000,8.000000,31.260000
1771889997.837189,0,0.000000,30.530000,0.000000,0.000000,0.000000,0.000000,0.180000,0.000000,8.000000,31.270000
1771889997.837189,0,0.000000,29.400000,0.000000,0.000000,0.000000,0.000000,0.180000,0.000000,8.000000,31.290000
1771889997.865119,0,0.000000,30.220000,0.000000,0.050000,0.000000,0.000000,0.170000,0.000000,8.000000,31.290000
1771889997.867126,0,0.000000,30.480000,0.000000,0.000000,0.000000,0.000000,0.150000,0.000000,8.000000,31.310000
1771889997.892379,0,0.000000,30.370000,0.000000,0.010000,0.000000,0.000000,0.150000,0.000000,8.000000,31.320000
1771889997.916638,0,0.000000,30.250000,0.000000,0.000000,0.000000,0.000000,0.150000,0.000000,8.000000,31.350000
1771889997.916638,0,0.000000,30.480000,0.000000,0.000000,0.000000,0.000000,0.170000,0.000000,8.000000,31.370000
1771889997.940880,0,0.000000,29.620000,0.000000,0.070000,0.000000,0.000000,0.170000,0.000000,8.000000,31.370000
1771889997.965508,0,0.000000,29.400000,0.000000,0.030000,0.000000,0.000000,0.180000,0.000000,8.000000,31.390000
1771889997.965508,0,0.000000,29.350000,0.000000,0.120000,0.000000,0.000000,0.180000,0.000000,8.000000,31.400000
1771889997.994556,0,0.000000,30.540000,0.000000,0.180000,0.000000,0.000000,0.200000,0.000000,8.000000,31.430000
1771889997.994556,0,0.000000,30.530000,0.000000,0.000000,0.000000,0.000000,0.200000,0.000000,8.000000,31.440000
1771889998.022240,0,0.000000,30.370000,0.000000,0.090000,0.000000,0.000000,0.230000,0.000000,8.000000,31.450000
1771889998.045922,0,0.000000,30.220000,0.000000,0.000000,0.000000,0.000000,0.230000,0.000000,8.000000,31.460000
1771889998.045922,0,0.000000,29.040000,0.000000,0.000000,0.000000,0.000000,0.250000,0.000000,8.000000,31.480000
1771889998.045922,0,0.000000,30.600000,0.000000,0.100000,0.000000,0.000000,0.250000,0.000000,8.000000,31.500000
1771889998.080129,0,0.000000,30.480000,0.000000,0.170000,0.000000,0.000000,0.280000,0.000000,8.000000,31.520000
1771889998.107891,0,0.000000,29.010000,0.000000,0.000000,0.000000,0.000000,0.280000,0.000000,8.000000,31.530000
1771889998.107891,0,0.000000,30.220000,0.000000,0.140000,0.000000,0.000000,0.280000,0.000000,8.000000,31.540000
1771889998.108896,0,0.000000,30.620000,0.000000,0.000000,0.000000,0.000000,0.280000,0.000000,8.000000,31.550000
1771889998.129325,0,0.000000,30.360000,0.000000,0.000000,0.000000,0.000000,0.280000,0.000000,8.000000,31.570000
1771889998.129325,0,0.000000,30.450000,0.000000,0.050000,0.000000,0.000000,0.270000,0.000000,8.000000,31.590000
1771889998.162078,0,0.000000,30.100000,0.000000,0.090000,0.000000,0.000000,0.270000,0.000000,8.000000,31.610000
1771889998.189246,0,0.000000,30.220000,0.000000,0.000000,0.000000,0.000000,0.250000,0.000000,8.000000,31.620000
1771889998.191959,0,0.000000,29.090000,0.000000,-0.050000,0.000000,0.000000,0.250000,0.000000,8.000000,31.630000
1771889998.219414,0,0.000000,30.540000,0.000000,-0.050000,0.000000,0.000000,0.250000,0.000000,8.000000,31.640000
1771889998.219414,0,0.000000,30.420000,0.000000,0.000000,0.000000,0.000000,0.250000,0.000000,8.000000,31.670000
1771889998.239815,0,0.000000,29.030000,0.000000,-0.030000,0.000000,0.000000,0.230000,0.000000,8.000000,31.680000
1771889998.239815,0,0.000000,30.620000,0.000000,0.000000,0.000000,0.000000,0.230000,0.000000,8.000000,31.700000
1771889998.280547,0,0.000000,30.310000,0.000000,0.000000,0.000000,0.000000,0.210000,0.000000,8.000000,31.700000
1771889998.280547,0,0.000000,29.060000,0.000000,-0.050000,0.000000,0.000000,0.200000,0.000000,8.000000,31.720000
1771889998.314119,0,0.000000,30.220000,0.000000,-0.070000,0.000000,0.000000,0.180000,0.000000,8.000000,31.730000
1771889998.314119,0,0.000000,30.700000,0.000000,-0.010000,0.000000,0.000000,0.180000,0.000000,8.000000,31.760000
1771889998.343736,0,0.000000,30.460000,0.000000,-0.070000,0.000000,0.000000,0.170000,0.000000,8.000000,31.770000
1771889998.343736,0,0.000000,30.540000,0.000000,-0.050000,0.000000,0.000000,0.150000,0.000000,8.000000,31.790000
1771889998.373461,0,0.000000,29.370000,0.000000,-0.030000,0.000000,0.000000,0.150000,0.000000,8.000000,31.790000
1771889998.373461,0,0.000000,30.540000,0.000000,-0.070000,0.000000,0.000000,0.140000,0.000000,8.000000,31.810000
1771889998.397321,0,0.000000,30.480000,0.000000,-0.070000,0.000000,0.000000,0.110000,0.000000,8.000000,31.820000
1771889998.405300,0,0.000000,30.630000,0.000000,-0.070000,0.000000,0.000000,0.100000,0.000000,8.000000,31.850000
1771889998.424195,0,0.000000,30.650000,0.000000,0.000000,0.000000,0.000000,0.070000,0.000000,8.000000,31.870000
1771889998.429126,0,0.000000,30.560000,0.000000,-0.020000,0.000000,0.000000,0.050000,0.000000,8.000000,31.870000
1771889998.444874,0,0.000000,30.200000,0.000000,-0.030000,0.000000,0.000000,0.010000,0.000000,8.000000,31.890000
1771889998.488529,0,0.000000,30.190000,0.000000,0.000000,0.000000,0.000000,0.000000,0.000000,8.000000,31.900000
1771889998.507943,0,0.000000,30.650000,0.000000,-0.050000,0.000000,0.000000,0.000000,0.000000,8.000000,31.930000
1771889998.507943,0,0.000000,30.290000,0.000000,-0.050000,0.000000,0.000000,0.000000,0.000000,8.000000,31.940000
1771889998.507943,0,0.000000,30.370000,0.000000,-0.030000,0.000000,0.000000,0.000000,0.000000,8.000000,31.950000
1771889998.507943,0,0.000000,30.480000,0.000000,-0.050000,0.000000,0.000000,0.000000,0.000000,8.000000,31.960000
1771889998.545715,0,0.000000,30.620000,0.000000,-0.030000,0.000000,0.000000,0.000000,0.000000,8.000000,31.980000
1771889998.575466,0,0.000000,30.650000,0.000000,-0.100000,0.000000,0.000000,0.000000,0.000000,8.000000,32.000000
1771889998.575466,0,0.000000,30.680000,0.000000,-0.070000,0.000000,0.000000,0.000000,0.000000,8.000000,32.020000
1771889998.606618,0,0.000000,29.200000,0.000000,-0.050000,0.000000,0.000000,0.000000,0.000000,8.000000,32.020000
1771889998.608624,0,0.000000,29.350000,0.000000,-0.020000,0.000000,0.000000,0.000000,0.000000,8.000000,32.040000
1771889998.636508,0,0.000000,30.530000,0.000000,-0.030000,0.000000,0.000000,0.000000,0.000000,8.000000,32.060000
1771889998.636508,0,0.000000,30.630000,0.000000,-0.050000,0.000000,0.000000,0.000000,0.000000,8.000000,32.080000
1771889998.654140,0,0.000000,30.650000,0.000000,0.000000,0.000000,0.000000,0.000000,0.000000,8.000000,32.090000
1771889998.662730,0,0.000000,30.600000,0.000000,-0.010000,0.000000,0.000000,0.000000,0.000000,8.000000,32.110000
1771889998.697261,0,0.000000,30.600000,0.000000,0.010000,0.000000,0.000000,0.000000,0.000000,8.000000,32.130000
1771889998.728859,0,0.000000,29.620000,0.000000,-0.030000,0.000000,0.000000,0.000000,0.000000,8.000000,32.130000
1771889998.728859,0,0.000000,29.040000,0.000000,-0.010000,0.000000,0.000000,0.000000,0.000000,8.000000,32.150000
1771889998.761123,0,0.000000,30.650000,0.000000,-0.070000,0.000000,0.000000,0.000000,0.000000,8.000000,32.160000
1771889998.761123,0,0.000000,30.600000,0.000000,-0.050000,0.000000,0.000000,0.000000,0.000000,8.000000,32.180000
1771889998.761123,0,0.000000,29.620000,0.000000,-0.010000,0.000000,0.000000,0.000000,0.000000,8.000000,32.200000
1771889998.781790,0,0.000000,29.470000,0.000000,-0.010000,0.000000,0.000000,0.000000,0.000000,8.000000,32.220000
1771889998.781790,0,0.000000,28.220000,0.000000,0.100000,0.000000,0.000000,0.000000,0.000000,8.000000,32.220000
1771889998.826224,0,0.000000,30.450000,0.000000,0.000000,0.000000,0.000000,0.000000,0.000000,8.000000,32.250000
1771889998.827230,0,0.000000,29.030000,0.000000,-0.020000,0.000000,0.000000,0.000000,0.000000,8.000000,32.250000
1771889998.827230,0,0.000000,30.750000,0.000000,0.000000,0.000000,0.000000,0.000000,0.000000,8.000000,32.270000
1771889998.858575,0,0.000000,30.530000,0.000000,-0.050000,0.000000,0.000000,0.000000,0.000000,8.000000,32.290000
1771889998.860582,0,0.000000,30.560000,0.000000,0.000000,0.000000,0.000000,0.000000,0.000000,8.000000,32.310000
1771889998.889552,0,0.000000,30.560000,0.000000,-0.050000,0.000000,0.000000,0.000000,0.000000,8.000000,32.310000
1771889998.891560,0,0.000000,29.120000,0.000000,0.020000,0.000000,0.000000,0.000000,0.000000,8.000000,32.340000
1771889998.918000,0,0.000000,30.620000,0.000000,-0.010000,0.000000,0.000000,0.000000,0.000000,8.000000,32.340000
1771889998.918000,0,0.000000,29.370000,0.000000,0.010000,0.000000,0.000000,0.000000,0.000000,8.000000,32.360000
1771889998.943767,0,0.000000,30.560000,0.000000,0.000000,0.000000,0.000000,0.000000,0.000000,8.000000,32.380000
1771889998.945776,0,0.000000,30.540000,0.000000,-0.050000,0.000000,0.000000,0.000000,0.000000,8.000000,32.400000
1771889998.979306,0,0.000000,30.390000,0.000000,0.000000,0.000000,0.000000,0.000000,0.000000,8.000000,32.400000
1771889999.000557,0,0.000000,29.400000,0.000000,-0.100000,0.000000,0.000000,0.000000,0.000000,8.000000,32.430000
1771889999.004153,0,0.000000,29.380000,0.000000,0.000000,0.000000,0.000000,0.000000,0.000000,8.000000,32.450000
1771889999.004153,0,0.000000,29.010000,0.000000,-0.020000,0.000000,0.000000,0.000000,0.000000,8.000000,32.450000
1771889999.030169,0,0.000000,30.560000,0.000000,-0.010000,0.000000,0.000000,0.000000,0.000000,8.000000,32.470000
1771889999.061520,0,0.000000,29.400000,0.000000,0.010000,0.000000,0.000000,0.000000,0.000000,8.000000,32.490000
1771889999.088610,0,0.000000,29.350000,0.000000,0.000000,0.000000,0.000000,0.000000,0.000000,8.000000,32.500000
1771889999.088610,0,0.000000,28.200000,0.000000,0.000000,0.000000,0.000000,0.000000,0.000000,8.000000,32.520000
1771889999.090619,0,0.000000,30.290000,0.000000,-0.050000,0.000000,0.000000,0.000000,0.000000,8.000000,32.540000
1771889999.114190,0,0.000000,30.620000,0.000000,-0.010000,0.000000,0.000000,0.000000,0.000000,8.000000,32.540000
1771889999.114190,0,0.000000,30.560000,0.000000,-0.100000,0.000000,0.000000,0.000000,0.000000,8.000000,32.560000
1771889999.146820,0,0.000000,30.540000,0.000000,-0.050000,0.000000,0.000000,0.000000,0.000000,8.000000,32.580000
1771889999.162495,0,0.000000,30.530000,0.000000,-0.140000,0.000000,0.000000,0.000000,0.000000,8.000000,32.590000
1771889999.162495,0,0.000000,28.940000,0.000000,-0.070000,0.000000,0.000000,0.000000,0.000000,8.000000,32.610000
1771889999.162495,0,0.000000,30.540000,0.000000,-0.070000,0.000000,0.000000,0.000000,0.000000,8.000000,32.630000
1771889999.193235,0,0.000000,30.450000,0.000000,0.010000,0.000000,0.000000,0.000000,0.000000,8.000000,32.650000
1771889999.207918,0,0.000000,29.110000,0.000000,0.000000,0.000000,0.000000,0.000000,0.000000,8.000000,32.650000
1771889999.234752,0,0.000000,30.540000,0.000000,-0.070000,0.000000,0.000000,0.000000,0.000000,8.000000,32.660000
1771889999.256562,0,0.000000,30.480000,0.000000,-0.050000,0.000000,0.000000,0.000000,0.000000,8.000000,32.680000
1771889999.256562,0,0.000000,29.370000,0.000000,-0.030000,0.000000,0.000000,0.000000,0.000000,8.000000,32.700000
1771889999.293645,0,0.000000,30.530000,0.000000,-0.050000,0.000000,0.000000,0.000000,0.000000,8.000000,32.720000
1771889999.293645,0,0.000000,29.110000,0.000000,0.000000,0.000000,0.000000,0.000000,0.000000,8.000000,32.720000
1771889999.293645,0,0.000000,30.620000,0.000000,-0.070000,0.000000,0.000000,0.000000,0.000000,8.000000,32.750000
1771889999.319326,0,0.000000,30.530000,0.000000,0.000000,0.000000,0.000000,0.000000,0.000000,8.000000,32.750000
1771889999.323863,0,0.000000,30.480000,0.000000,-0.140000,0.000000,0.000000,0.000000,0.000000,8.000000,32.770000
1771889999.353391,0,0.000000,29.350000,0.000000,-0.050000,0.000000,0.000000,0.000000,0.000000,8.000000,32.790000
1771889999.353391,0,0.000000,30.220000,0.000000,-0.050000,0.000000,0.000000,0.000000,0.000000,8.000000,32.810000
1771889999.382205,0,0.000000,30.540000,0.000000,-0.020000,0.000000,0.000000,0.000000,0.000000,8.000000,32.830000
1771889999.413487,0,0.000000,30.530000,0.000000,-0.010000,0.000000,0.000000,0.000000,0.000000,8.000000,32.840000
1771889999.413487,0,0.000000,28.020000,0.000000,-0.070000,0.000000,0.000000,0.000000,0.000000,8.000000,32.840000
1771889999.448571,0,0.000000,29.260000,0.000000,-0.070000,0.000000,0.000000,0.000000,0.000000,8.000000,32.860000
1771889999.448571,0,0.000000,29.010000,0.000000,-0.070000,0.000000,0.000000,0.000000,0.000000,8.000000,32.880000
1771889999.450576,0,0.000000,30.560000,0.000000,-0.050000,0.000000,0.000000,0.000000,0.000000,8.000000,32.900000
1771889999.481374,0,0.000000,30.460000,0.000000,-0.070000,0.000000,0.000000,0.000000,0.000000,8.000000,32.900000
1771889999.483376,0,0.000000,30.630000,0.000000,-0.100000,0.000000,0.000000,0.000000,0.000000,8.000000,32.930000
1771889999.518214,0,0.000000,30.620000,0.000000,-0.110000,0.000000,0.000000,0.000000,0.000000,8.000000,32.950000
1771889999.518214,0,0.000000,30.390000,0.000000,-0.120000,0.000000,0.000000,0.000000,0.000000,8.000000,32.950000
1771889999.554862,0,0.000000,30.750000,0.000000,-0.020000,0.000000,0.000000,0.000000,0.000000,8.000000,32.970000
1771889999.554862,0,0.000000,30.600000,0.000000,-0.070000,0.000000,0.000000,0.000000,0.000000,8.000000,32.990000
1771889999.554862,0,0.000000,29.060000,0.000000,-0.010000,0.000000,0.000000,0.000000,0.000000,8.000000,33.000000
1771889999.586483,0,0.000000,30.630000,0.000000,0.000000,0.000000,0.000000,0.000000,0.000000,8.000000,33.020000
1771889999.586483,0,0.000000,30.750000,0.000000,-0.030000,0.000000,0.000000,0.000000,0.000000,8.000000,33.040000
1771889999.621763,0,0.000000,30.460000,0.000000,-0.020000,0.000000,0.000000,0.000000,0.000000,8.000000,33.040000
1771889999.621763,0,0.000000,29.040000,0.000000,-0.050000,0.000000,0.000000,0.000000,0.000000,8.000000,33.060000
1771889999.653020,0,0.000000,30.630000,0.000000,-0.010000,0.000000,0.000000,0.000000,0.000000,8.000000,33.080000
1771889999.654017,0,0.000000,30.370000,0.000000,-0.010000,0.000000,0.000000,0.000000,0.000000,8.000000,33.090000
1771889999.654017,0,0.000000,30.620000,0.000000,0.000000,0.000000,0.000000,0.000000,0.000000,8.000000,33.110000
1771889999.691878,0,0.000000,30.630000,0.000000,-0.020000,0.000000,0.000000,0.000000,0.000000,8.000000,33.130000
1771889999.691878,0,0.000000,29.620000,0.000000,-0.030000,0.000000,0.000000,0.000000,0.000000,8.000000,33.130000
1771889999.723217,0,0.000000,30.540000,0.000000,-0.070000,0.000000,0.000000,0.000000,0.000000,8.000000,33.150000
1771889999.723217,0,0.000000,30.510000,0.000000,-0.050000,0.000000,0.000000,0.000000,0.000000,8.000000,33.160000
1771889999.750235,0,0.000000,30.290000,0.000000,0.000000,0.000000,0.000000,0.000000,0.000000,8.000000,33.180000
1771889999.750235,0,0.000000,29.370000,0.000000,-0.050000,0.000000,0.000000,0.000000,0.000000,8.000000,33.200000
1771889999.802083,0,0.000000,30.650000,0.000000,-0.050000,0.000000,0.000000,0.000000,0.000000,8.000000,33.220000
1771889999.802083,0,0.000000,30.460000,0.000000,-0.050000,0.000000,0.000000,0.000000,0.000000,8.000000,33.220000
1771889999.802083,0,0.000000,30.560000,0.000000,-0.030000,0.000000,0.000000,0.000000,0.000000,8.000000,33.250000
1771889999.827262,0,0.000000,30.600000,0.000000,-0.050000,0.000000,0.000000,0.000000,0.000000,8.000000,33.270000
1771889999.835940,0,0.000000,30.620000,0.000000,-0.070000,0.000000,0.000000,0.000000,0.000000,8.000000,33.270000
1771889999.867368,0,0.000000,30.720000,0.000000,-0.050000,0.000000,0.000000,0.000000,0.000000,8.000000,33.290000
1771889999.867368,0,0.000000,30.600000,0.000000,-0.050000,0.000000,0.000000,0.000000,0.000000,8.000000,33.310000
1771889999.896170,0,0.000000,29.620000,0.000000,-0.070000,0.000000,0.000000,0.000000,0.000000,8.000000,33.330000
1771889999.896170,0,0.000000,29.380000,0.000000,-0.050000,0.000000,0.000000,0.000000,0.000000,8.000000,33.340000
1771889999.923132,0,0.000000,29.400000,0.000000,-0.020000,0.000000,0.000000,0.000000,0.000000,8.000000,33.360000
1771889999.952879,0,0.000000,30.270000,0.000000,0.000000,0.000000,0.000000,0.000000,0.000000,8.000000,33.380000
1771889999.952879,0,0.000000,28.220000,0.000000,-0.010000,0.000000,0.000000,0.000000,0.000000,8.000000,33.380000
1771889999.952879,0,0.000000,29.350000,0.000000,-0.100000,0.000000,0.000000,0.000000,0.000000,8.000000,33.400000
1771889999.992205,0,0.000000,30.560000,0.000000,-0.100000,0.000000,0.000000,0.000000,0.000000,8.000000,33.410000
1771889999.992205,0,0.000000,30.370000,0.000000,-0.050000,0.000000,0.000000,0.000000,0.000000,8.000000,33.430000
1771890000.029738,0,0.000000,29.090000,0.000000,-0.020000,0.000000,0.000000,0.000000,0.000000,8.000000,33.450000
1771890000.029738,0,0.000000,30.600000,0.000000,-0.050000,0.000000,0.000000,0.000000,0.000000,8.000000,33.470000
1771890000.060759,0,0.000000,30.600000,0.000000,-0.090000,0.000000,0.000000,0.000000,0.000000,8.000000,33.470000
1771890000.060759,0,0.000000,30.370000,0.000000,-0.010000,0.000000,0.000000,0.000000,0.000000,8.000000,33.500000
1771890000.089373,0,0.000000,30.250000,0.000000,-0.050000,0.000000,0.000000,0.000000,0.000000,8.000000,33.500000
1771890000.089373,0,0.000000,29.060000,0.000000,-0.050000,0.000000,0.000000,0.000000,0.000000,8.000000,33.520000
1771890000.119120,0,0.000000,30.560000,0.000000,-0.150000,0.000000,0.000000,0.000000,0.000000,8.000000,33.540000
1771890000.119120,0,0.000000,30.310000,0.000000,-0.140000,0.000000,0.000000,0.000000,0.000000,8.000000,33.560000
1771890000.119120,0,0.000000,30.630000,0.000000,-0.030000,0.000000,0.000000,0.000000,0.000000,8.000000,33.560000
1771890000.142097,0,0.000000,30.370000,0.000000,-0.090000,0.000000,0.000000,0.000000,0.000000,8.000000,33.590000
1771890000.142097,0,0.000000,30.270000,0.000000,-0.070000,0.000000,0.000000,0.000000,0.000000,8.000000,33.590000
1771890000.185799,0,0.000000,30.290000,0.000000,-0.050000,0.000000,0.000000,0.000000,0.000000,8.000000,33.610000
1771890000.185799,0,0.000000,29.370000,0.000000,0.000000,0.000000,0.000000,0.000000,0.000000,8.000000,33.630000
1771890000.214846,0,0.000000,30.540000,0.000000,-0.030000,0.000000,0.000000,0.000000,0.000000,8.000000,33.650000
1771890000.214846,0,0.000000,30.600000,0.000000,0.000000,0.000000,0.000000,0.000000,0.000000,8.000000,33.650000
1771890000.240460,0,0.000000,30.560000,0.000000,-0.030000,0.000000,0.000000,0.000000,0.000000,8.000000,33.680000
1771890000.240460,0,0.000000,30.290000,0.000000,-0.020000,0.000000,0.000000,0.000000,0.000000,8.000000,33.680000
1771890000.272187,0,0.000000,29.380000,0.000000,-0.030000,0.000000,0.000000,0.000000,0.000000,8.000000,33.700000
1771890000.300802,0,0.000000,30.530000,0.000000,-0.050000,0.000000,0.000000,0.000000,0.000000,8.000000,33.720000
1771890000.300802,0,0.000000,28.310000,0.000000,-0.010000,0.000000,0.000000,0.000000,0.000000,8.000000,33.740000
1771890000.302805,0,0.000000,30.270000,0.000000,0.000000,0.000000,0.000000,0.000000,0.000000,8.000000,33.750000
1771890000.330873,0,0.000000,29.320000,0.000000,0.050000,0.000000,0.000000,0.000000,0.000000,8.000000,33.770000
1771890000.350611,0,0.000000,30.560000,0.000000,0.000000,0.000000,0.000000,0.000000,0.000000,8.000000,33.790000
1771890000.350611,0,0.000000,30.510000,0.000000,-0.150000,0.000000,0.000000,0.000000,0.000000,8.000000,33.790000
1771890000.350611,0,0.000000,30.510000,0.000000,0.090000,0.000000,0.000000,0.000000,0.000000,8.000000,33.810000
1771890000.382217,0,0.000000,30.650000,0.000000,-0.010000,0.000000,0.000000,0.000000,0.000000,8.000000,33.830000
1771890000.422952,0,0.000000,30.680000,0.000000,-0.030000,0.000000,0.000000,0.000000,0.000000,8.000000,33.840000
1771890000.422952,0,0.000000,30.450000,0.000000,0.000000,0.000000,0.000000,0.000000,0.000000,8.000000,33.860000
1771890000.445605,0,0.000000,30.460000,0.000000,-0.010000,0.000000,0.000000,0.000000,0.000000,8.000000,33.880000
1771890000.445605,0,0.000000,30.190000,0.000000,0.000000,0.000000,0.000000,0.000000,0.000000,8.000000,33.900000
1771890000.445605,0,0.000000,30.270000,0.000000,0.000000,0.000000,0.000000,0.000000,0.000000,8.000000,33.900000
1771890000.483661,0,0.000000,30.290000,0.000000,-0.100000,0.000000,0.000000,0.000000,0.000000,8.000000,33.930000
1771890000.483661,0,0.000000,28.290000,0.000000,-0.030000,0.000000,0.000000,0.000000,0.000000,8.000000,33.930000
1771890000.515060,0,0.000000,30.630000,0.000000,0.010000,0.000000,0.000000,0.000000,0.000000,8.000000,33.950000
1771890000.515060,0,0.000000,29.150000,0.000000,0.010000,0.000000,0.000000,0.000000,0.000000,8.000000,33.970000
1771890000.543378,0,0.000000,30.630000,0.000000,0.010000,0.000000,0.000000,0.000000,0.000000,8.000000,33.990000
1771890000.570117,0,0.000000,30.560000,0.000000,-0.030000,0.000000,0.000000,0.000000,0.000000,8.000000,34.000000
1771890000.570117,0,0.000000,28.820000,0.000000,-0.010000,0.000000,0.000000,0.000000,0.000000,8.000000,34.020000
1771890000.571859,0,0.000000,30.420000,0.000000,0.000000,0.000000,0.000000,0.000000,0.000000,8.000000,34.020000
1771890000.605233,0,0.000000,30.650000,0.000000,-0.010000,0.000000,0.000000,0.000000,0.000000,8.000000,34.040000
1771890000.606276,0,0.000000,30.600000,0.000000,-0.050000,0.000000,0.000000,0.000000,0.000000,8.000000,34.060000
1771890000.641294,0,0.000000,30.770000,0.000000,0.000000,0.000000,0.000000,0.000000,0.000000,8.000000,34.080000
1771890000.641294,0,0.000000,30.650000,0.000000,-0.030000,0.000000,0.000000,0.000000,0.000000,8.000000,34.090000
1771890000.678088,0,0.000000,30.630000,0.000000,-0.020000,0.000000,0.000000,0.000000,0.000000,8.000000,34.110000
1771890000.680100,0,0.000000,30.600000,0.000000,0.000000,0.000000,0.000000,0.000000,0.000000,8.000000,34.110000
1771890000.716012,0,0.000000,29.880000,0.000000,-0.030000,0.000000,0.000000,0.000000,0.000000,8.000000,34.130000
1771890000.717524,0,0.000000,28.890000,0.000000,-0.020000,0.000000,0.000000,0.000000,0.000000,8.000000,34.150000
1771890000.753969,0,0.000000,30.600000,0.000000,-0.020000,0.000000,0.000000,0.000000,0.000000,8.000000,34.160000
1771890000.755032,0,0.000000,30.480000,0.000000,0.000000,0.000000,0.000000,0.000000,0.000000,8.000000,34.180000
1771890000.756096,0,0.000000,30.310000,0.000000,0.000000,0.000000,0.000000,0.000000,0.000000,8.000000,34.200000
1771890000.788334,0,0.000000,30.480000,0.000000,-0.100000,0.000000,0.000000,0.000000,0.000000,8.000000,34.220000
1771890000.788334,0,0.000000,30.460000,0.000000,0.000000,0.000000,0.000000,0.000000,0.000000,8.000000,34.220000
1771890000.822640,0,0.000000,30.650000,0.000000,0.000000,0.000000,0.000000,0.000000,0.000000,8.000000,34.250000
1771890000.822640,0,0.000000,30.600000,0.000000,-0.050000,0.000000,0.000000,0.000000,0.000000,8.000000,34.250000
1771890000.822640,0,0.000000,30.360000,0.000000,0.020000,0.000000,0.000000,0.000000,0.000000,8.000000,34.270000
1771890000.858863,0,0.000000,30.650000,0.000000,0.000000,0.000000,0.000000,0.000000,0.000000,8.000000,34.290000
1771890000.858863,0,0.000000,30.650000,0.000000,0.000000,0.000000,0.000000,0.000000,0.000000,8.000000,34.310000
1771890000.902043,0,0.000000,30.620000,0.000000,-0.070000,0.000000,0.000000,0.000000,0.000000,8.000000,34.310000
1771890000.902043,0,0.000000,30.560000,0.000000,0.000000,0.000000,0.000000,0.000000,0.000000,8.000000,34.340000
1771890000.928738,0,0.000000,30.460000,0.000000,0.020000,0.000000,0.000000,0.000000,0.000000,8.000000,34.360000
1771890000.928738,0,0.000000,29.500000,0.000000,0.000000,0.000000,0.000000,0.000000,0.000000,8.000000,34.360000
1771890000.928738,0,0.000000,30.560000,0.000000,0.020000,0.000000,0.000000,0.000000,0.000000,8.000000,34.380000
1771890000.953846,0,0.000000,30.750000,0.000000,-0.020000,0.000000,0.000000,0.000000,0.000000,8.000000,34.400000
1771890000.985752,0,0.000000,30.790000,0.000000,0.020000,0.000000,0.000000,0.000000,0.000000,8.000000,34.410000
1771890000.985752,0,0.000000,30.630000,0.000000,0.000000,0.000000,0.000000,0.000000,0.000000,8.000000,34.430000
1771890000.985752,0,0.000000,30.190000,0.000000,0.000000,0.000000,0.000000,0.000000,0.000000,8.000000,34.450000
1771890001.022829,0,0.000000,30.600000,0.000000,0.000000,0.000000,0.000000,0.000000,0.000000,8.000000,34.450000
1771890001.033106,0,0.000000,29.350000,0.000000,-0.070000,0.000000,0.000000,0.000000,0.000000,8.000000,34.470000
1771890001.061249,0,0.000000,30.650000,0.000000,0.010000,0.000000,0.000000,0.000000,0.000000,8.000000,34.490000
1771890001.061249,0,0.000000,29.110000,0.000000,0.000000,0.000000,0.000000,0.000000,0.000000,8.000000,34.500000
1771890001.094932,0,0.000000,30.650000,0.000000,-0.030000,0.000000,0.000000,0.000000,0.000000,8.000000,34.520000
1771890001.094932,0,0.000000,30.560000,0.000000,-0.020000,0.000000,0.000000,0.000000,0.000000,8.000000,34.540000
1771890001.122750,0,0.000000,29.500000,0.000000,-0.070000,0.000000,0.000000,0.000000,0.000000,8.000000,34.540000
1771890001.128123,0,0.000000,28.220000,0.000000,-0.050000,0.000000,0.000000,0.000000,0.000000,8.000000,34.560000
1771890001.143962,0,0.000000,29.320000,0.000000,0.010000,0.000000,0.000000,0.000000,0.000000,8.000000,34.580000
1771890001.158950,0,0.000000,28.040000,0.000000,0.030000,0.000000,0.000000,0.000000,0.000000,8.000000,34.590000
1771890001.159957,0,0.000000,29.350000,0.000000,0.010000,0.000000,0.000000,0.000000,0.000000,8.000000,34.610000
1771890001.187778,0,0.000000,28.170000,0.000000,-0.030000,0.000000,0.000000,0.000000,0.000000,8.000000,34.630000
1771890001.213624,0,0.000000,30.560000,0.000000,-0.090000,0.000000,0.000000,0.000000,0.000000,8.000000,34.630000
1771890001.213624,0,0.000000,29.180000,0.000000,0.010000,0.000000,0.000000,0.000000,0.000000,8.000000,34.650000
1771890001.213624,0,0.000000,30.360000,0.000000,-0.020000,0.000000,0.000000,0.000000,0.000000,8.000000,34.660000
1771890001.243134,0,0.000000,30.600000,0.000000,0.000000,0.000000,0.000000,0.000000,0.000000,8.000000,34.680000
1771890001.269898,0,0.000000,30.390000,0.000000,-0.030000,0.000000,0.000000,0.000000,0.000000,8.000000,34.700000
1771890001.269898,0,0.000000,29.180000,0.000000,0.000000,0.000000,0.000000,0.000000,0.000000,8.000000,34.720000
1771890001.269898,0,0.000000,30.540000,0.000000,0.000000,0.000000,0.000000,0.000000,0.000000,8.000000,34.720000
1771890001.302460,0,0.000000,30.650000,0.000000,0.020000,0.000000,0.000000,0.000000,0.000000,8.000000,34.750000
1771890001.322531,0,0.000000,30.680000,0.000000,-0.100000,0.000000,0.000000,0.000000,0.000000,8.000000,34.750000
1771890001.322531,0,0.000000,30.720000,0.000000,0.030000,0.000000,0.000000,0.000000,0.000000,8.000000,34.770000
1771890001.361289,0,0.000000,29.620000,0.000000,0.010000,0.000000,0.000000,0.000000,0.000000,8.000000,34.790000
1771890001.362343,0,0.000000,29.060000,0.000000,0.000000,0.000000,0.000000,0.000000,0.000000,8.000000,34.810000
1771890001.363396,0,0.000000,30.630000,0.000000,0.000000,0.000000,0.000000,0.000000,0.000000,8.000000,34.810000
1771890001.392241,0,0.000000,30.700000,0.000000,0.000000,0.000000,0.000000,0.000000,0.000000,8.000000,34.840000
1771890001.424143,0,0.000000,30.480000,0.000000,0.020000,0.000000,0.000000,0.000000,0.000000,8.000000,34.860000
1771890001.424143,0,0.000000,30.620000,0.000000,0.010000,0.000000,0.000000,0.000000,0.000000,8.000000,34.860000
1771890001.465934,0,0.000000,30.480000,0.000000,0.000000,0.000000,0.000000,0.000000,0.000000,8.000000,34.880000
1771890001.465934,0,0.000000,29.150000,0.000000,-0.100000,0.000000,0.000000,0.000000,0.000000,8.000000,34.900000
1771890001.502828,0,0.000000,30.370000,0.000000,-0.020000,0.000000,0.000000,0.000000,0.000000,8.000000,34.900000
1771890001.507121,0,0.000000,30.190000,0.000000,-0.050000,0.000000,0.000000,0.000000,0.000000,8.000000,34.930000
1771890001.507121,0,0.000000,29.540000,0.000000,0.010000,0.000000,0.000000,0.000000,0.000000,8.000000,34.930000
1771890001.538550,0,0.000000,29.620000,0.000000,0.000000,0.000000,0.000000,0.000000,0.000000,8.000000,34.950000
1771890001.542267,0,0.000000,30.360000,0.000000,-0.010000,0.000000,0.000000,0.000000,0.000000,8.000000,34.970000
1771890001.542267,0,0.000000,29.380000,0.000000,0.010000,0.000000,0.000000,0.000000,0.000000,8.000000,34.990000
1771890001.587702,0,0.000000,29.300000,0.000000,-0.050000,0.000000,0.000000,0.000000,0.000000,8.000000,35.000000
1771890001.589441,0,0.000000,27.870000,0.000000,-0.010000,0.000000,0.000000,0.000000,0.000000,8.000000,35.020000
1771890001.624282,0,0.000000,29.120000,0.000000,0.020000,0.000000,0.000000,0.000000,0.000000,8.000000,35.040000
1771890001.624282,0,0.000000,30.510000,0.000000,0.000000,0.000000,0.000000,0.000000,0.000000,8.000000,35.040000
1771890001.624282,0,0.000000,30.340000,0.000000,0.000000,0.000000,0.000000,0.000000,0.000000,8.000000,35.060000
1771890001.659127,0,0.000000,29.610000,0.000000,0.000000,0.000000,0.000000,0.000000,0.000000,8.000000,35.080000
1771890001.661240,0,0.000000,30.620000,0.000000,0.010000,0.000000,0.000000,0.000000,0.000000,8.000000,35.090000
1771890001.661240,0,0.000000,29.010000,0.000000,0.000000,0.000000,0.000000,0.000000,0.000000,8.000000,35.110000
1771890001.697118,0,0.000000,29.870000,0.000000,0.000000,0.000000,0.000000,0.000000,0.000000,8.000000,35.130000
1771890001.697118,0,0.000000,27.380000,0.000000,0.020000,0.000000,0.000000,0.000000,0.000000,8.000000,35.130000
1771890001.733912,0,0.000000,29.040000,0.000000,0.000000,0.000000,0.000000,0.000000,0.000000,8.000000,35.150000
1771890001.733912,0,0.000000,29.900000,0.000000,-0.050000,0.000000,0.000000,0.000000,0.000000,8.000000,35.160000
1771890001.766863,0,0.000000,30.460000,0.000000,0.000000,0.000000,0.000000,0.000000,0.000000,8.000000,35.180000
1771890001.770113,0,0.000000,30.600000,0.000000,-0.010000,0.000000,0.000000,0.000000,0.000000,8.000000,35.200000
1771890001.770113,0,0.000000,30.720000,0.000000,0.000000,0.000000,0.000000,0.000000,0.000000,8.000000,35.220000
1771890001.804315,0,0.000000,29.370000,0.000000,-0.050000,0.000000,0.000000,0.000000,0.000000,8.000000,35.220000
1771890001.806619,0,0.000000,29.150000,0.000000,0.000000,0.000000,0.000000,0.000000,0.000000,8.000000,35.250000
1771890001.829620,0,0.000000,29.200000,0.000000,-0.030000,0.000000,0.000000,0.000000,0.000000,8.000000,35.250000
1771890001.829620,0,0.000000,8.070000,0.000000,0.000000,0.000000,0.000000,0.000000,0.000000,8.000000,35.270000
1771890001.860530,0,0.000000,7.820000,0.000000,0.010000,0.000000,0.000000,0.000000,0.000000,8.000000,35.290000
