epoch,mark,Desired Torque (L),Measured Torque (L),Desired Torque (R),Measured Torque (R),Toe FSR (L),Stance Phase (L),Toe FSR (R),Stance Phase (R),Channel 8,Exoskeleton time (seconds)
1789081214.943600,0,0.000000,0.000000,0.000000,0.110000,0.000000,0.000000,0.000000,0.000000,8.000000,49.830000
1789081215.004178,0,0.000000,0.000000,0.000000,0.110000,0.000000,0.000000,0.000000,0.000000,8.000000,49.840000
1789081215.005250,0,0.000000,0.000000,0.000000,-0.030000,0.000000,0.000000,0.000000,0.000000,8.000000,49.860000
1789081215.006362,0,0.000000,0.000000,0.000000,0.000000,0.000000,0.000000,0.000000,0.000000,8.000000,49.860000
1789081215.007164,0,0.000000,0.000000,0.000000,-0.090000,0.000000,0.000000,0.000000,0.000000,8.000000,49.880000
1789081215.007924,0,0.000000,0.000000,0.000000,0.070000,0.000000,0.000000,0.000000,0.000000,8.000000,49.880000
1789081215.048948,0,0.000000,0.000000,0.000000,-0.120000,0.000000,0.000000,0.000000,0.000000,8.000000,49.880000
1789081215.085892,0,0.000000,0.000000,0.000000,-0.170000,0.000000,0.000000,0.000000,0.000000,8.000000,49.900000
1789081215.086776,0,0.000000,0.000000,0.000000,0.000000,0.000000,0.000000,0.000000,0.000000,8.000000,49.900000
1789081215.087516,0,0.000000,0.000000,0.000000,0.000000,0.000000,0.000000,0.000000,0.000000,8.000000,49.910000
1789081215.125665,0,0.000000,0.000000,0.000000,-0.030000,0.000000,0.000000,0.000000,0.000000,8.000000,49.930000
1789081215.126519,0,0.000000,0.000000,0.000000,0.020000,0.000000,0.000000,0.000000,0.000000,8.000000,49.930000
1789081215.127261,0,0.000000,0.000000,0.000000,-0.030000,0.000000,0.000000,0.000000,0.000000,8.000000,49.950000
1789081215.128422,0,0.000000,0.000000,0.000000,0.020000,0.000000,0.000000,0.000000,0.000000,8.000000,49.950000
1789081215.166239,0,0.000000,0.000000,0.000000,0.070000,0.000000,0.000000,0.000000,0.000000,8.000000,49.970000
1789081215.167795,0,0.000000,0.000000,0.000000,0.110000,0.000000,0.000000,0.000000,0.000000,8.000000,49.970000
1789081215.169125,0,0.000000,0.000000,0.000000,0.020000,0.000000,0.000000,0.000000,0.000000,8.000000,49.990000
1789081215.170267,0,0.000000,0.000000,0.000000,0.000000,0.000000,0.000000,0.000000,0.000000,8.000000,50.000000
1789081215.171594,0,0.000000,0.000000,0.000000,-0.090000,0.000000,0.000000,0.000000,0.000000,8.000000,50.000000
1789081215.207836,0,0.000000,0.000000,0.000000,0.070000,0.000000,0.000000,0.000000,0.000000,8.000000,50.020000
1789081215.208756,0,0.000000,0.000000,0.000000,-0.030000,0.000000,0.000000,0.000000,0.000000,8.000000,50.020000
1789081215.209106,0,0.000000,0.000000,0.000000,0.020000,0.000000,0.000000,0.000000,0.000000,8.000000,50.040000
1789081215.209431,0,0.000000,0.000000,0.000000,0.200000,0.000000,0.000000,0.000000,0.000000,8.000000,50.040000
1789081215.210658,0,0.000000,0.000000,0.000000,0.200000,0.000000,0.000000,0.000000,0.000000,8.000000,50.060000
1789081215.245366,0,0.000000,0.000000,0.000000,0.150000,0.000000,0.000000,0.000000,0.000000,8.000000,50.060000
1789081215.246447,0,0.000000,0.000000,0.000000,0.070000,0.000000,0.000000,0.000000,0.000000,8.000000,50.080000
1789081215.246852,0,0.000000,0.000000,0.000000,0.150000,0.000000,0.000000,0.000000,0.000000,8.000000,50.090000
1789081215.277164,0,0.000000,0.000000,0.000000,0.250000,0.000000,0.000000,0.000000,0.000000,8.000000,50.090000
1789081215.277737,0,0.000000,0.000000,0.000000,0.250000,0.000000,0.000000,0.000000,0.000000,8.000000,50.110000
1789081215.278312,0,0.000000,0.000000,0.000000,-0.030000,0.000000,0.000000,0.000000,0.000000,8.000000,50.110000
1789081215.278736,0,0.000000,0.000000,0.000000,0.110000,0.000000,0.000000,0.000000,0.000000,8.000000,50.130000
1789081215.307641,0,0.000000,0.000000,0.000000,0.000000,0.000000,0.000000,0.000000,0.000000,8.000000,50.130000
1789081215.308105,0,0.000000,0.000000,0.000000,0.110000,0.000000,0.000000,0.000000,0.000000,8.000000,50.150000
1789081215.308636,0,0.000000,0.000000,0.000000,0.020000,0.000000,0.000000,0.000000,0.000000,8.000000,50.150000
1789081215.341177,0,0.000000,0.000000,0.000000,0.150000,0.000000,0.000000,0.000000,0.000000,8.000000,50.160000
1789081215.341629,0,0.000000,0.000000,0.000000,0.020000,0.000000,0.000000,0.000000,0.000000,8.000000,50.180000
1789081215.342175,0,0.000000,0.000000,0.000000,0.070000,0.000000,0.000000,0.000000,0.000000,8.000000,50.180000
1789081215.369164,0,0.000000,0.000000,0.000000,0.020000,0.000000,0.000000,0.000000,0.000000,8.000000,50.200000
1789081215.369626,0,0.000000,0.000000,0.000000,0.000000,0.000000,0.000000,0.000000,0.000000,8.000000,50.200000
1789081215.369980,0,0.000000,0.000000,0.000000,0.150000,0.000000,0.000000,0.000000,0.000000,8.000000,50.220000
1789081215.396484,0,0.000000,0.000000,0.000000,0.150000,0.000000,0.000000,0.000000,0.000000,8.000000,50.220000
1789081215.396933,0,0.000000,0.000000,0.000000,-0.030000,0.000000,0.000000,0.000000,0.000000,8.000000,50.240000
1789081215.397277,0,0.000000,0.000000,0.000000,0.150000,0.000000,0.000000,0.000000,0.000000,8.000000,50.250000
1789081215.422460,0,0.000000,0.000000,0.000000,0.150000,0.000000,0.000000,0.000000,0.000000,8.000000,50.250000
1789081215.423043,0,0.000000,0.000000,0.000000,0.110000,0.000000,0.000000,0.000000,0.000000,8.000000,50.270000
1789081215.423477,0,0.000000,0.000000,0.000000,0.020000,0.000000,0.000000,0.000000,0.000000,8.000000,50.270000
1789081215.450025,0,0.000000,0.000000,0.000000,0.070000,0.000000,0.000000,0.000000,0.000000,8.000000,50.290000
1789081215.450466,0,0.000000,0.000000,0.000000,0.250000,0.000000,0.000000,0.000000,0.000000,8.000000,50.290000
1789081215.479925,0,0.000000,0.000000,0.000000,0.280000,0.000000,0.000000,0.000000,0.000000,8.000000,50.310000
1789081215.480362,0,0.000000,0.000000,0.000000,0.370000,0.000000,0.000000,0.000000,0.000000,8.000000,50.310000
1789081215.480705,0,0.000000,0.000000,0.000000,0.200000,0.000000,0.000000,0.000000,0.000000,8.000000,50.330000
1789081215.506089,0,0.000000,0.000000,0.000000,0.020000,0.000000,0.000000,0.000000,0.000000,8.000000,50.340000
1789081215.506520,0,0.000000,0.000000,0.000000,0.150000,0.000000,0.000000,0.000000,0.000000,8.000000,50.340000
1789081215.506868,0,0.000000,0.000000,0.000000,0.250000,0.000000,0.000000,0.000000,0.000000,8.000000,50.360000
1789081215.507355,0,0.000000,0.000000,0.000000,0.110000,0.000000,0.000000,0.000000,0.000000,8.000000,50.360000
1789081215.539198,0,0.000000,0.000000,0.000000,0.000000,0.000000,0.000000,0.000000,0.000000,8.000000,50.380000
1789081215.539655,0,0.000000,0.000000,0.000000,0.110000,0.000000,0.000000,0.000000,0.000000,8.000000,50.380000
1789081215.567019,0,0.000000,0.000000,0.000000,0.110000,0.000000,0.000000,0.000000,0.000000,8.000000,50.400000
1789081215.567459,0,0.000000,0.000000,0.000000,0.070000,0.000000,0.000000,0.000000,0.000000,8.000000,50.400000
1789081215.567916,0,0.000000,0.000000,0.000000,0.200000,0.000000,0.000000,0.000000,0.000000,8.000000,50.410000
1789081215.632201,0,0.000000,0.000000,0.000000,0.070000,0.000000,0.000000,0.000000,0.000000,8.000000,50.430000
1789081215.632675,0,0.000000,0.000000,0.000000,0.200000,0.000000,0.000000,0.000000,0.000000,8.000000,50.430000
1789081215.633034,0,0.000000,0.000000,0.000000,0.150000,0.000000,0.000000,0.000000,0.000000,8.000000,50.450000
1789081215.633502,0,0.000000,0.000000,0.000000,0.000000,0.000000,0.000000,0.000000,0.000000,8.000000,50.450000
1789081215.633872,0,0.000000,0.000000,0.000000,0.370000,0.000000,0.000000,0.000000,0.000000,8.000000,50.470000
1789081215.634217,0,0.000000,0.000000,0.000000,0.340000,0.000000,0.000000,0.000000,0.000000,8.000000,50.470000
1789081215.634625,0,0.000000,0.000000,0.000000,0.340000,0.000000,0.000000,0.000000,0.000000,8.000000,50.490000
1789081215.656529,0,0.000000,0.000000,0.000000,0.150000,0.000000,0.000000,0.000000,0.000000,8.000000,50.500000
1789081215.657005,0,0.000000,0.000000,0.000000,0.070000,0.000000,0.000000,0.000000,0.000000,8.000000,50.500000
1789081215.679252,0,0.000000,0.000000,0.000000,0.150000,0.000000,0.000000,0.000000,0.000000,8.000000,50.520000
1789081215.679729,0,0.000000,0.000000,0.000000,0.250000,0.000000,0.000000,0.000000,0.000000,8.000000,50.520000
1789081215.701040,0,0.000000,0.000000,0.000000,0.110000,0.000000,0.000000,0.000000,0.000000,8.000000,50.540000
1789081215.701542,0,0.000000,0.000000,0.000000,0.200000,0.000000,0.000000,0.000000,0.000000,8.000000,50.540000
1789081215.701914,0,0.000000,0.000000,0.000000,0.280000,0.000000,0.000000,0.000000,0.000000,8.000000,50.560000
1789081215.723579,0,0.000000,0.000000,0.000000,0.110000,0.000000,0.000000,0.000000,0.000000,8.000000,50.560000
1789081215.724075,0,0.000000,0.000000,0.000000,0.150000,0.000000,0.000000,0.000000,0.000000,8.000000,50.580000
1789081215.724444,0,0.000000,0.000000,0.000000,0.020000,0.000000,0.000000,0.000000,0.000000,8.000000,50.590000
1789081215.752181,0,0.000000,0.000000,0.000000,0.200000,0.000000,0.000000,0.000000,0.000000,8.000000,50.590000
1789081215.752670,0,0.000000,0.000000,0.000000,0.200000,0.000000,0.000000,0.000000,0.000000,8.000000,50.610000
1789081215.775465,0,0.000000,0.000000,0.000000,0.250000,0.000000,0.000000,0.000000,0.000000,8.000000,50.610000
1789081215.775942,0,0.000000,0.000000,0.000000,0.150000,0.000000,0.000000,0.000000,0.000000,8.000000,50.630000
1789081215.776534,0,0.000000,0.000000,0.000000,0.150000,0.000000,0.000000,0.000000,0.000000,8.000000,50.630000
1789081215.801634,0,0.000000,0.000000,0.000000,0.280000,0.000000,0.000000,0.000000,0.000000,8.000000,50.650000
1789081215.802109,0,0.000000,0.000000,0.000000,0.110000,0.000000,0.000000,0.000000,0.000000,8.000000,50.650000
1789081215.826422,0,0.000000,0.000000,0.000000,0.250000,0.000000,0.000000,0.000000,0.000000,8.000000,50.660000
1789081215.826888,0,0.000000,0.000000,0.000000,0.020000,0.000000,0.000000,0.000000,0.000000,8.000000,50.680000
1789081215.851115,0,0.000000,0.000000,0.000000,0.110000,0.000000,0.000000,0.000000,0.000000,8.000000,50.680000
1789081215.851561,0,0.000000,0.000000,0.000000,0.150000,0.000000,0.000000,0.000000,0.000000,8.000000,50.700000
1789081215.852010,0,0.000000,0.000000,0.000000,0.150000,0.000000,0.000000,0.000000,0.000000,8.000000,50.700000
1789081215.852490,0,0.000000,0.000000,0.000000,0.280000,0.000000,0.000000,0.000000,0.000000,8.000000,50.720000
1789081215.877294,0,0.000000,0.000000,0.000000,0.370000,0.000000,0.000000,0.000000,0.000000,8.000000,50.720000
1789081215.903714,0,0.000000,0.000000,0.000000,0.150000,0.000000,0.000000,0.000000,0.000000,8.000000,50.740000
1789081215.904157,0,0.000000,0.000000,0.000000,0.250000,0.000000,0.000000,0.000000,0.000000,8.000000,50.750000
1789081215.904514,0,0.000000,0.000000,0.000000,0.250000,0.000000,0.000000,0.000000,0.000000,8.000000,50.750000
1789081215.929463,0,0.000000,0.000000,0.000000,0.200000,0.000000,0.000000,0.000000,0.000000,8.000000,50.750000
1789081215.929915,0,0.000000,0.000000,0.000000,0.250000,0.000000,0.000000,0.000000,0.000000,8.000000,50.770000
1789081215.955591,0,0.000000,0.000000,0.000000,0.200000,0.000000,0.000000,0.000000,0.000000,8.000000,50.770000
1789081215.956137,0,0.000000,0.000000,0.000000,0.110000,0.000000,0.000000,0.000000,0.000000,8.000000,50.790000
1789081215.956536,0,0.000000,0.000000,0.000000,0.150000,0.000000,0.000000,0.000000,0.000000,8.000000,50.790000
1789081215.982805,0,0.000000,0.000000,0.000000,0.070000,0.000000,0.000000,0.000000,0.000000,8.000000,50.810000
1789081215.983253,0,0.000000,0.000000,0.000000,0.110000,0.000000,0.000000,0.000000,0.000000,8.000000,50.810000
1789081215.983642,0,0.000000,0.000000,0.000000,0.250000,0.000000,0.000000,0.000000,0.000000,8.000000,50.830000
1789081216.008028,0,0.000000,0.000000,0.000000,0.200000,0.000000,0.000000,0.000000,0.000000,8.000000,50.840000
1789081216.008475,0,0.000000,0.000000,0.000000,0.200000,0.000000,0.000000,0.000000,0.000000,8.000000,50.840000
1789081216.008841,0,0.000000,0.000000,0.000000,0.000000,0.000000,0.000000,0.000000,0.000000,8.000000,50.860000
1789081216.035779,0,0.000000,0.000000,0.000000,0.110000,0.000000,0.000000,0.000000,0.000000,8.000000,50.880000
1789081216.036284,0,0.000000,0.000000,0.000000,0.200000,0.000000,0.000000,0.000000,0.000000,8.000000,50.880000
1789081216.036720,0,0.000000,0.000000,0.000000,0.110000,0.000000,0.000000,0.000000,0.000000,8.000000,50.880000
1789081216.063264,0,0.000000,0.000000,0.000000,0.150000,0.000000,0.000000,0.000000,0.000000,8.000000,50.900000
1789081216.063859,0,0.000000,0.000000,0.000000,0.070000,0.000000,0.000000,0.000000,0.000000,8.000000,50.900000
1789081216.064239,0,0.000000,0.000000,0.000000,0.150000,0.000000,0.000000,0.000000,0.000000,8.000000,50.910000
1789081216.091012,0,0.000000,0.000000,0.000000,0.000000,0.000000,0.000000,0.000000,0.000000,8.000000,50.930000
1789081216.091462,0,0.000000,0.000000,0.000000,0.110000,0.000000,0.000000,0.000000,0.000000,8.000000,50.930000
1789081216.117617,0,0.000000,0.000000,0.000000,0.020000,0.000000,0.000000,0.000000,0.000000,8.000000,50.950000
1789081216.118077,0,0.000000,0.000000,0.000000,0.110000,0.000000,0.000000,0.000000,0.000000,8.000000,50.950000
1789081216.118445,0,0.000000,0.000000,0.000000,0.070000,0.000000,0.000000,0.000000,0.000000,8.000000,50.970000
1789081216.143656,0,0.000000,0.000000,0.000000,0.070000,0.000000,0.000000,0.000000,0.000000,8.000000,50.970000
1789081216.144213,0,0.000000,0.000000,0.000000,0.110000,0.000000,0.000000,0.000000,0.000000,8.000000,50.990000
1789081216.144644,0,0.000000,0.000000,0.000000,0.110000,0.000000,0.000000,0.000000,0.000000,8.000000,51.000000
1789081216.173125,0,0.000000,0.000000,0.000000,0.150000,0.000000,0.000000,0.000000,0.000000,8.000000,51.000000
1789081216.199820,0,0.000000,0.000000,0.000000,0.250000,0.000000,0.000000,0.000000,0.000000,8.000000,51.020000
1789081216.200273,0,0.000000,0.000000,0.000000,0.070000,0.000000,0.000000,0.000000,0.000000,8.000000,51.020000
1789081216.200819,0,0.000000,0.000000,0.000000,0.150000,0.000000,0.000000,0.000000,0.000000,8.000000,51.040000
1789081216.201252,0,0.000000,0.000000,0.000000,0.070000,0.000000,0.000000,0.000000,0.000000,8.000000,51.040000
1789081216.229640,0,0.000000,0.000000,0.000000,0.150000,0.000000,0.000000,0.000000,0.000000,8.000000,51.060000
1789081216.230090,0,0.000000,0.000000,0.000000,0.280000,0.000000,0.000000,0.000000,0.000000,8.000000,51.060000
1789081216.230697,0,0.000000,0.000000,0.000000,0.110000,0.000000,0.000000,0.000000,0.000000,8.000000,51.080000
1789081216.257560,0,0.000000,0.000000,0.000000,0.280000,0.000000,0.000000,0.000000,0.000000,8.000000,51.090000
1789081216.258034,0,0.000000,0.000000,0.000000,0.370000,0.000000,0.000000,0.000000,0.000000,8.000000,51.090000
1789081216.258418,0,0.000000,0.000000,0.000000,0.020000,0.000000,0.000000,0.000000,0.000000,8.000000,51.110000
1789081216.286872,0,0.000000,0.000000,0.000000,0.000000,0.000000,0.000000,0.000000,0.000000,8.000000,51.110000
1789081216.287317,0,0.000000,0.000000,0.000000,0.070000,0.000000,0.000000,0.000000,0.000000,8.000000,51.130000
1789081216.287678,0,0.000000,0.000000,0.000000,0.020000,0.000000,0.000000,0.000000,0.000000,8.000000,51.130000
1789081216.315119,0,0.000000,0.000000,0.000000,-0.030000,0.000000,0.000000,0.000000,0.000000,8.000000,51.150000
1789081216.315584,0,0.000000,0.000000,0.000000,0.070000,0.000000,0.000000,0.000000,0.000000,8.000000,51.150000
1789081216.316057,0,0.000000,0.000000,0.000000,0.150000,0.000000,0.000000,0.000000,0.000000,8.000000,51.160000
1789081216.342925,0,0.000000,0.000000,0.000000,0.110000,0.000000,0.000000,0.000000,0.000000,8.000000,51.180000
1789081216.343498,0,0.000000,0.000000,0.000000,0.020000,0.000000,0.000000,0.000000,0.000000,8.000000,51.180000
1789081216.370774,0,0.000000,0.000000,0.000000,0.020000,0.000000,0.000000,0.000000,0.000000,8.000000,51.200000
1789081216.371242,0,0.000000,0.000000,0.000000,0.070000,0.000000,0.000000,0.000000,0.000000,8.000000,51.200000
1789081216.371772,0,0.000000,0.000000,0.000000,0.110000,0.000000,0.000000,0.000000,0.000000,8.000000,51.220000
1789081216.372336,0,0.000000,0.000000,0.000000,0.110000,0.000000,0.000000,0.000000,0.000000,8.000000,51.220000
1789081216.401220,0,0.000000,0.000000,0.000000,0.070000,0.000000,0.000000,0.000000,0.000000,8.000000,51.240000
1789081216.401674,0,0.000000,0.000000,0.000000,0.000000,0.000000,0.000000,0.000000,0.000000,8.000000,51.250000
1789081216.430127,0,0.000000,0.000000,0.000000,0.250000,0.000000,0.000000,0.000000,0.000000,8.000000,51.250000
1789081216.430589,0,0.000000,0.000000,0.000000,0.000000,0.000000,0.000000,0.000000,0.000000,8.000000,51.270000
1789081216.459537,0,0.000000,0.000000,0.000000,0.200000,0.000000,0.000000,0.000000,0.000000,8.000000,51.270000
1789081216.460050,0,0.000000,0.000000,0.000000,0.070000,0.000000,0.000000,0.000000,0.000000,8.000000,51.290000
1789081216.460557,0,0.000000,0.000000,0.000000,0.150000,0.000000,0.000000,0.000000,0.000000,8.000000,51.290000
1789081216.489773,0,0.000000,0.000000,0.000000,-0.120000,0.000000,0.000000,0.000000,0.000000,8.000000,51.310000
1789081216.490225,0,0.000000,0.000000,0.000000,-0.030000,0.000000,0.000000,0.000000,0.000000,8.000000,51.310000
1789081216.490593,0,0.000000,0.000000,0.000000,0.150000,0.000000,0.000000,0.000000,0.000000,8.000000,51.330000
1789081216.490943,0,0.000000,0.000000,0.000000,0.280000,0.000000,0.000000,0.000000,0.000000,8.000000,51.340000
1789081216.520012,0,0.000000,0.000000,0.000000,0.110000,0.000000,0.000000,0.000000,0.000000,8.000000,51.340000
1789081216.520526,0,0.000000,0.000000,0.000000,0.200000,0.000000,0.000000,0.000000,0.000000,8.000000,51.360000
1789081216.520886,0,0.000000,0.000000,0.000000,0.020000,0.000000,0.000000,0.000000,0.000000,8.000000,51.360000
1789081216.548634,0,0.000000,0.000000,0.000000,0.070000,0.000000,0.000000,0.000000,0.000000,8.000000,51.380000
1789081216.549090,0,0.000000,0.000000,0.000000,0.110000,0.000000,0.000000,0.000000,0.000000,8.000000,51.380000
1789081216.549462,0,0.000000,0.000000,0.000000,0.150000,0.000000,0.000000,0.000000,0.000000,8.000000,51.400000
1789081216.577787,0,0.000000,0.000000,0.000000,0.070000,0.000000,0.000000,0.000000,0.000000,8.000000,51.400000
1789081216.578388,0,0.000000,0.000000,0.000000,0.150000,0.000000,0.000000,0.000000,0.000000,8.000000,51.410000
1789081216.578805,0,0.000000,0.000000,0.000000,0.070000,0.000000,0.000000,0.000000,0.000000,8.000000,51.430000
1789081216.611086,0,0.000000,0.000000,0.000000,0.070000,0.000000,0.000000,0.000000,0.000000,8.000000,51.430000
1789081216.611553,0,0.000000,0.000000,0.000000,0.020000,0.000000,0.000000,0.000000,0.000000,8.000000,51.450000
1789081216.611904,0,0.000000,0.000000,0.000000,0.070000,0.000000,0.000000,0.000000,0.000000,8.000000,51.450000
1789081216.642252,0,0.000000,0.000000,0.000000,0.200000,0.000000,0.000000,0.000000,0.000000,8.000000,51.470000
1789081216.642777,0,0.000000,0.000000,0.000000,0.200000,0.000000,0.000000,0.000000,0.000000,8.000000,51.470000
1789081216.643242,0,0.000000,0.000000,0.000000,0.110000,0.000000,0.000000,0.000000,0.000000,8.000000,51.490000
1789081216.673959,0,0.000000,0.000000,0.000000,0.150000,0.000000,0.000000,0.000000,0.000000,8.000000,51.500000
1789081216.674610,0,0.000000,0.000000,0.000000,0.110000,0.000000,0.000000,0.000000,0.000000,8.000000,51.500000
1789081216.675049,0,0.000000,0.000000,0.000000,0.020000,0.000000,0.000000,0.000000,0.000000,8.000000,51.520000
1789081216.706890,0,0.000000,0.000000,0.000000,0.200000,0.000000,0.000000,0.000000,0.000000,8.000000,51.520000
1789081216.707493,0,0.000000,0.000000,0.000000,0.150000,0.000000,0.000000,0.000000,0.000000,8.000000,51.540000
1789081216.707892,0,0.000000,0.000000,0.000000,0.250000,0.000000,0.000000,0.000000,0.000000,8.000000,51.540000
1789081216.708342,0,0.000000,0.000000,0.000000,0.200000,0.000000,0.000000,0.000000,0.000000,8.000000,51.560000
1789081216.737544,0,0.000000,0.000000,0.000000,0.110000,0.000000,0.000000,0.000000,0.000000,8.000000,51.560000
1789081216.738003,0,0.000000,0.000000,0.000000,0.110000,0.000000,0.000000,0.000000,0.000000,8.000000,51.580000
1789081216.738371,0,0.000000,0.000000,0.000000,0.070000,0.000000,0.000000,0.000000,0.000000,8.000000,51.590000
1789081216.767758,0,0.000000,0.000000,0.000000,0.150000,0.000000,0.000000,0.000000,0.000000,8.000000,51.590000
1789081216.768217,0,0.000000,0.000000,0.000000,0.070000,0.000000,0.000000,0.000000,0.000000,8.000000,51.610000
1789081216.768588,0,0.000000,0.000000,0.000000,0.370000,0.000000,0.000000,0.000000,0.000000,8.000000,51.610000
1789081216.797889,0,0.000000,0.000000,0.000000,0.250000,0.000000,0.000000,0.000000,0.000000,8.000000,51.630000
1789081216.798355,0,0.000000,0.000000,0.000000,0.250000,0.000000,0.000000,0.000000,0.000000,8.000000,51.630000
1789081216.821344,0,0.000000,0.000000,0.000000,0.200000,0.000000,0.000000,0.000000,0.000000,8.000000,51.650000
1789081216.821866,0,0.000000,0.000000,0.000000,0.150000,0.000000,0.000000,0.000000,0.000000,8.000000,51.650000
1789081216.822298,0,0.000000,0.000000,0.000000,0.150000,0.000000,0.000000,0.000000,0.000000,8.000000,51.660000
1789081216.822677,0,0.000000,0.000000,0.000000,-0.030000,0.000000,0.000000,0.000000,0.000000,8.000000,51.680000
1789081216.846188,0,0.000000,0.000000,0.000000,0.200000,0.000000,0.000000,0.000000,0.000000,8.000000,51.680000
1789081216.846847,0,0.000000,0.000000,0.000000,0.150000,0.000000,0.000000,0.000000,0.000000,8.000000,51.700000
1789081216.870451,0,0.000000,0.000000,0.000000,0.250000,0.000000,0.000000,0.000000,0.000000,8.000000,51.700000
1789081216.871060,0,0.000000,0.000000,0.000000,0.150000,0.000000,0.000000,0.000000,0.000000,8.000000,51.720000
1789081216.871434,0,0.000000,0.000000,0.000000,0.250000,0.000000,0.000000,0.000000,0.000000,8.000000,51.720000
1789081216.871843,0,0.000000,0.000000,0.000000,0.200000,0.000000,0.000000,0.000000,0.000000,8.000000,51.720000
1789081216.895213,0,0.000000,0.000000,0.000000,0.110000,0.000000,0.000000,0.000000,0.000000,8.000000,51.740000
1789081216.895991,0,0.000000,0.000000,0.000000,0.200000,0.000000,0.000000,0.000000,0.000000,8.000000,51.750000
1789081216.921351,0,0.000000,0.000000,0.000000,0.200000,0.000000,0.000000,0.000000,0.000000,8.000000,51.750000
1789081216.921858,0,0.000000,0.000000,0.000000,0.410000,0.000000,0.000000,0.000000,0.000000,8.000000,51.770000
1789081216.953454,0,0.000000,0.000000,0.000000,0.150000,0.000000,0.000000,0.000000,0.000000,8.000000,51.770000
1789081216.953914,0,0.000000,0.000000,0.000000,0.110000,0.000000,0.000000,0.000000,0.000000,8.000000,51.790000
1789081216.954289,0,0.000000,0.000000,0.000000,0.070000,0.000000,0.000000,0.000000,0.000000,8.000000,51.790000
1789081216.979445,0,0.000000,0.000000,0.000000,0.250000,0.000000,0.000000,0.000000,0.000000,8.000000,51.810000
1789081216.979940,0,0.000000,0.000000,0.000000,0.250000,0.000000,0.000000,0.000000,0.000000,8.000000,51.810000
1789081216.980322,0,0.000000,0.000000,0.000000,0.200000,0.000000,0.000000,0.000000,0.000000,8.000000,51.830000
1789081217.003938,0,0.000000,0.000000,0.000000,0.150000,0.000000,0.000000,0.000000,0.000000,8.000000,51.840000
1789081217.004406,0,0.000000,0.000000,0.000000,0.150000,0.000000,0.000000,0.000000,0.000000,8.000000,51.840000
1789081217.004823,0,0.000000,0.000000,0.000000,0.250000,0.000000,0.000000,0.000000,0.000000,8.000000,51.860000
1789081217.029860,0,0.000000,0.000000,0.000000,0.200000,0.000000,0.000000,0.000000,0.000000,8.000000,51.860000
1789081217.030372,0,0.000000,0.000000,0.000000,0.110000,0.000000,0.000000,0.000000,0.000000,8.000000,51.880000
1789081217.030975,0,0.000000,0.000000,0.000000,0.200000,0.000000,0.000000,0.000000,0.000000,8.000000,51.880000
1789081217.056608,0,0.000000,0.000000,0.000000,0.000000,0.000000,0.000000,0.000000,0.000000,8.000000,51.900000
1789081217.057138,0,0.000000,0.000000,0.000000,0.110000,0.000000,0.000000,0.000000,0.000000,8.000000,51.900000
1789081217.083904,0,0.000000,0.000000,0.000000,0.070000,0.000000,0.000000,0.000000,0.000000,8.000000,51.910000
1789081217.084468,0,0.000000,0.000000,0.000000,0.250000,0.000000,0.000000,0.000000,0.000000,8.000000,51.930000
1789081217.084978,0,0.000000,0.000000,0.000000,0.150000,0.000000,0.000000,0.000000,0.000000,8.000000,51.930000
1789081217.111613,0,0.000000,0.000000,0.000000,0.110000,0.000000,0.000000,0.000000,0.000000,8.000000,51.950000
1789081217.112139,0,0.000000,0.000000,0.000000,0.200000,0.000000,0.000000,0.000000,0.000000,8.000000,51.950000
1789081217.137798,0,0.000000,0.000000,0.000000,0.200000,0.000000,0.000000,0.000000,0.000000,8.000000,51.970000
1789081217.138389,0,0.000000,0.000000,0.000000,0.150000,0.000000,0.000000,0.000000,0.000000,8.000000,51.970000
1789081217.138918,0,0.000000,0.000000,0.000000,0.250000,0.000000,0.000000,0.000000,0.000000,8.000000,51.990000
1789081217.165782,0,0.000000,0.000000,0.000000,0.200000,0.000000,0.000000,0.000000,0.000000,8.000000,52.000000
1789081217.166365,0,0.000000,0.000000,0.000000,0.150000,0.000000,0.000000,0.000000,0.000000,8.000000,52.000000
1789081217.166847,0,0.000000,0.000000,0.000000,0.020000,0.000000,0.000000,0.000000,0.000000,8.000000,52.020000
1789081217.194457,0,0.000000,0.000000,0.000000,-0.030000,0.000000,0.000000,0.000000,0.000000,8.000000,52.020000
1789081217.195128,0,0.000000,0.000000,0.000000,0.200000,0.000000,0.000000,0.000000,0.000000,8.000000,52.040000
1789081217.195571,0,0.000000,0.000000,0.000000,0.150000,0.000000,0.000000,0.000000,0.000000,8.000000,52.040000
1789081217.224519,0,0.000000,0.000000,0.000000,0.200000,0.000000,0.000000,0.000000,0.000000,8.000000,52.060000
1789081217.225018,0,0.000000,0.000000,0.000000,0.200000,0.000000,0.000000,0.000000,0.000000,8.000000,52.060000
1789081217.251112,0,0.000000,0.000000,0.000000,0.110000,0.000000,0.000000,0.000000,0.000000,8.000000,52.080000
1789081217.251589,0,0.000000,0.000000,0.000000,0.150000,0.000000,0.000000,0.000000,0.000000,8.000000,52.090000
1789081217.252114,0,0.000000,0.000000,0.000000,0.150000,0.000000,0.000000,0.000000,0.000000,8.000000,52.090000
1789081217.280583,0,0.000000,0.000000,0.000000,-0.120000,0.000000,0.000000,0.000000,0.000000,8.000000,52.110000
1789081217.281219,0,0.000000,0.000000,0.000000,0.150000,0.000000,0.000000,0.000000,0.000000,8.000000,52.110000
1789081217.281777,0,0.000000,0.000000,0.000000,0.070000,0.000000,0.000000,0.000000,0.000000,8.000000,52.130000
1789081217.311418,0,0.000000,0.000000,0.000000,0.150000,0.000000,0.000000,0.000000,0.000000,8.000000,52.130000
1789081217.311949,0,0.000000,0.000000,0.000000,0.410000,0.000000,0.000000,0.000000,0.000000,8.000000,52.150000
1789081217.312322,0,0.000000,0.000000,0.000000,0.150000,0.000000,0.000000,0.000000,0.000000,8.000000,52.150000
1789081217.312810,0,0.000000,0.000000,0.000000,0.200000,0.000000,0.000000,0.000000,0.000000,8.000000,52.160000
1789081217.340392,0,0.000000,0.000000,0.000000,0.150000,0.000000,0.000000,0.000000,0.000000,8.000000,52.180000
1789081217.340864,0,0.000000,0.000000,0.000000,0.200000,0.000000,0.000000,0.000000,0.000000,8.000000,52.180000
1789081217.367766,0,0.000000,0.000000,0.000000,0.020000,0.000000,0.000000,0.000000,0.000000,8.000000,52.200000
1789081217.368240,0,0.000000,0.000000,0.000000,0.110000,0.000000,0.000000,0.000000,0.000000,8.000000,52.200000
1789081217.368789,0,0.000000,0.000000,0.000000,0.150000,0.000000,0.000000,0.000000,0.000000,8.000000,52.220000
1789081217.369169,0,0.000000,0.000000,0.000000,0.110000,0.000000,0.000000,0.000000,0.000000,8.000000,52.220000
1789081217.397459,0,0.000000,0.000000,0.000000,0.000000,0.000000,0.000000,0.000000,0.000000,8.000000,52.240000
1789081217.397931,0,0.000000,0.000000,0.000000,0.110000,0.000000,0.000000,0.000000,0.000000,8.000000,52.250000
1789081217.422766,0,0.000000,0.000000,0.000000,0.110000,0.000000,0.000000,0.000000,0.000000,8.000000,52.250000
1789081217.423229,0,0.000000,0.000000,0.000000,0.150000,0.000000,0.000000,0.000000,0.000000,8.000000,52.270000
1789081217.423596,0,0.000000,0.000000,0.000000,0.110000,0.000000,0.000000,0.000000,0.000000,8.000000,52.270000
1789081217.450477,0,0.000000,0.000000,0.000000,0.200000,0.000000,0.000000,0.000000,0.000000,8.000000,52.290000
1789081217.451145,0,0.000000,0.000000,0.000000,0.150000,0.000000,0.000000,0.000000,0.000000,8.000000,52.290000
1789081217.451804,0,0.000000,0.000000,0.000000,0.110000,0.000000,0.000000,0.000000,0.000000,8.000000,52.310000
1789081217.477576,0,0.000000,0.000000,0.000000,0.150000,0.000000,0.000000,0.000000,0.000000,8.000000,52.310000
1789081217.478117,0,0.000000,0.000000,0.000000,0.150000,0.000000,0.000000,0.000000,0.000000,8.000000,52.330000
1789081217.504118,0,0.000000,0.000000,0.000000,0.110000,0.000000,0.000000,0.000000,0.000000,8.000000,52.340000
1789081217.504594,0,0.000000,0.000000,0.000000,0.070000,0.000000,0.000000,0.000000,0.000000,8.000000,52.340000
1789081217.504972,0,0.000000,0.000000,0.000000,-0.120000,0.000000,0.000000,0.000000,0.000000,8.000000,52.360000
1789081217.532038,0,0.000000,0.000000,0.000000,0.200000,0.000000,0.000000,0.000000,0.000000,8.000000,52.360000
1789081217.557925,0,0.000000,0.000000,0.000000,0.020000,0.000000,0.000000,0.000000,0.000000,8.000000,52.380000
1789081217.558495,0,0.000000,0.000000,0.000000,0.150000,0.000000,0.000000,0.000000,0.000000,8.000000,52.380000
1789081217.558927,0,0.000000,0.000000,0.000000,0.110000,0.000000,0.000000,0.000000,0.000000,8.000000,52.400000
1789081217.559324,0,0.000000,0.000000,0.000000,-0.030000,0.000000,0.000000,0.000000,0.000000,8.000000,52.400000
1789081217.559716,0,0.000000,0.000000,0.000000,0.070000,0.000000,0.000000,0.000000,0.000000,8.000000,52.410000
1789081217.584922,0,0.000000,0.000000,0.000000,0.000000,0.000000,0.000000,0.000000,0.000000,8.000000,52.430000
1789081217.585481,0,0.000000,0.000000,0.000000,0.020000,0.000000,0.000000,0.000000,0.000000,8.000000,52.430000
1789081217.615676,0,0.000000,0.000000,0.000000,-0.090000,0.000000,0.000000,0.000000,0.000000,8.000000,52.450000
1789081217.616167,0,0.000000,0.000000,0.000000,0.070000,0.000000,0.000000,0.000000,0.000000,8.000000,52.450000
1789081217.616560,0,0.000000,0.000000,0.000000,0.150000,0.000000,0.000000,0.000000,0.000000,8.000000,52.470000
1789081217.642321,0,0.000000,0.000000,0.000000,0.000000,0.000000,0.000000,0.000000,0.000000,8.000000,52.470000
1789081217.642793,0,0.000000,0.000000,0.000000,-0.090000,0.000000,0.000000,0.000000,0.000000,8.000000,52.490000
1789081217.668949,0,0.000000,0.000000,0.000000,0.070000,0.000000,0.000000,0.000000,0.000000,8.000000,52.500000
1789081217.669422,0,0.000000,0.000000,0.000000,-0.120000,0.000000,0.000000,0.000000,0.000000,8.000000,52.500000
1789081217.669805,0,0.000000,0.000000,0.000000,0.070000,0.000000,0.000000,0.000000,0.000000,8.000000,52.520000
1789081217.695841,0,0.000000,0.000000,0.000000,0.020000,0.000000,0.000000,0.000000,0.000000,8.000000,52.520000
1789081217.696444,0,0.000000,0.000000,0.000000,-0.090000,0.000000,0.000000,0.000000,0.000000,8.000000,52.540000
1789081217.697085,0,0.000000,0.000000,0.000000,0.070000,0.000000,0.000000,0.000000,0.000000,8.000000,52.540000
1789081217.722330,0,0.000000,0.000000,0.000000,0.200000,0.000000,0.000000,0.000000,0.000000,8.000000,52.560000
1789081217.722804,0,0.000000,0.000000,0.000000,0.000000,0.000000,0.000000,0.000000,0.000000,8.000000,52.560000
1789081217.723191,0,0.000000,0.000000,0.000000,0.070000,0.000000,0.000000,0.000000,0.000000,8.000000,52.580000
1789081217.748983,0,0.000000,0.000000,0.000000,0.070000,0.000000,0.000000,0.000000,0.000000,8.000000,52.590000
1789081217.749461,0,0.000000,0.000000,0.000000,0.020000,0.000000,0.000000,0.000000,0.000000,8.000000,52.590000
1789081217.775799,0,0.000000,0.000000,0.000000,0.020000,0.000000,0.000000,0.000000,0.000000,8.000000,52.610000
1789081217.776275,0,0.000000,0.000000,0.000000,0.020000,0.000000,0.000000,0.000000,0.000000,8.000000,52.610000
1789081217.776772,0,0.000000,0.000000,0.000000,0.070000,0.000000,0.000000,0.000000,0.000000,8.000000,52.610000
1789081217.803735,0,0.000000,0.000000,0.000000,-0.090000,0.000000,0.000000,0.000000,0.000000,8.000000,52.630000
1789081217.804215,0,0.000000,0.000000,0.000000,0.020000,0.000000,0.000000,0.000000,0.000000,8.000000,52.630000
1789081217.828208,0,0.000000,0.000000,0.000000,0.020000,0.000000,0.000000,0.000000,0.000000,8.000000,52.650000
1789081217.829105,0,0.000000,0.000000,0.000000,-0.030000,0.000000,0.000000,0.000000,0.000000,8.000000,52.650000
1789081217.829628,0,0.000000,0.000000,0.000000,0.410000,0.000000,0.000000,0.000000,0.000000,8.000000,52.660000
1789081217.850128,0,0.000000,0.000000,0.000000,0.250000,0.000000,0.000000,0.000000,0.000000,8.000000,52.680000
1789081217.850668,0,0.000000,0.000000,0.000000,0.110000,0.000000,0.000000,0.000000,0.000000,8.000000,52.680000
1789081217.851093,0,0.000000,0.000000,0.000000,0.200000,0.000000,0.000000,0.000000,0.000000,8.000000,52.700000
1789081217.851649,0,0.000000,0.000000,0.000000,0.200000,0.000000,0.000000,0.000000,0.000000,8.000000,52.700000
1789081217.872997,0,0.000000,0.000000,0.000000,-0.090000,0.000000,0.000000,0.000000,0.000000,8.000000,52.720000
1789081217.895255,0,0.000000,0.000000,0.000000,0.150000,0.000000,0.000000,0.000000,0.000000,8.000000,52.720000
1789081217.896038,0,0.000000,0.000000,0.000000,0.110000,0.000000,0.000000,0.000000,0.000000,8.000000,52.740000
1789081217.896481,0,0.000000,0.000000,0.000000,0.150000,0.000000,0.000000,0.000000,0.000000,8.000000,52.750000
1789081217.918115,0,0.000000,0.000000,0.000000,0.200000,0.000000,0.000000,0.000000,0.000000,8.000000,52.750000
1789081217.918802,0,0.000000,0.000000,0.000000,0.150000,0.000000,0.000000,0.000000,0.000000,8.000000,52.770000
1789081217.941830,0,0.000000,0.000000,0.000000,0.200000,0.000000,0.000000,0.000000,0.000000,8.000000,52.790000
1789081217.942345,0,0.000000,0.000000,0.000000,0.020000,0.000000,0.000000,0.000000,0.000000,8.000000,52.790000
1789081217.943059,0,0.000000,0.000000,0.000000,0.020000,0.000000,0.000000,0.000000,0.000000,8.000000,52.810000
1789081217.969155,0,0.000000,0.000000,0.000000,-0.090000,0.000000,0.000000,0.000000,0.000000,8.000000,52.810000
1789081217.969684,0,0.000000,0.000000,0.000000,0.000000,0.000000,0.000000,0.000000,0.000000,8.000000,52.830000
1789081217.995776,0,0.000000,0.000000,0.000000,-0.090000,0.000000,0.000000,0.000000,0.000000,8.000000,52.840000
1789081217.996304,0,0.000000,0.000000,0.000000,0.000000,0.000000,0.000000,0.000000,0.000000,8.000000,52.840000
1789081218.021795,0,0.000000,0.000000,0.000000,-0.030000,0.000000,0.000000,0.000000,0.000000,8.000000,52.860000
1789081218.022268,0,0.000000,0.000000,0.000000,-0.030000,0.000000,0.000000,0.000000,0.000000,8.000000,52.860000
1789081218.022657,0,0.000000,0.000000,0.000000,-0.030000,0.000000,0.000000,0.000000,0.000000,8.000000,52.860000
1789081218.043712,0,0.000000,0.000000,0.000000,-0.090000,0.000000,0.000000,0.000000,0.000000,8.000000,52.880000
1789081218.044502,0,0.000000,0.000000,0.000000,0.020000,0.000000,0.000000,0.000000,0.000000,8.000000,52.880000
1789081218.064433,0,0.000000,0.000000,0.000000,0.000000,0.000000,0.000000,0.000000,0.000000,8.000000,52.900000
1789081218.064913,0,0.000000,0.000000,0.000000,0.020000,0.000000,0.000000,0.000000,0.000000,8.000000,52.900000
1789081218.084455,0,0.000000,0.000000,0.000000,-0.030000,0.000000,0.000000,0.000000,0.000000,8.000000,52.910000
1789081218.085030,0,0.000000,0.000000,0.000000,0.150000,0.000000,0.000000,0.000000,0.000000,8.000000,52.930000
1789081218.085472,0,0.000000,0.000000,0.000000,-0.030000,0.000000,0.000000,0.000000,0.000000,8.000000,52.930000
1789081218.105891,0,0.000000,0.000000,0.000000,0.200000,0.000000,0.000000,0.000000,0.000000,8.000000,52.950000
1789081218.106487,0,0.000000,0.000000,0.000000,0.150000,0.000000,0.000000,0.000000,0.000000,8.000000,52.950000
1789081218.128896,0,0.000000,0.000000,0.000000,0.150000,0.000000,0.000000,0.000000,0.000000,8.000000,52.970000
1789081218.129760,0,0.000000,0.000000,0.000000,0.020000,0.000000,0.000000,0.000000,0.000000,8.000000,52.970000
1789081218.151963,0,0.000000,0.000000,0.000000,0.110000,0.000000,0.000000,0.000000,0.000000,8.000000,52.990000
1789081218.152833,0,0.000000,0.000000,0.000000,0.200000,0.000000,0.000000,0.000000,0.000000,8.000000,53.000000
1789081218.174233,0,0.000000,0.000000,0.000000,0.070000,0.000000,0.000000,0.000000,0.000000,8.000000,53.020000
1789081218.174789,0,0.000000,0.000000,0.000000,0.000000,0.000000,0.000000,0.000000,0.000000,8.000000,53.020000
1789081218.175208,0,0.000000,0.000000,0.000000,0.020000,0.000000,0.000000,0.000000,0.000000,8.000000,53.040000
1789081218.196932,0,0.000000,0.000000,0.000000,0.070000,0.000000,0.000000,0.000000,0.000000,8.000000,53.040000
1789081218.197716,0,0.000000,0.000000,0.000000,0.000000,0.000000,0.000000,0.000000,0.000000,8.000000,53.060000
1789081218.220181,0,0.000000,0.000000,0.000000,0.020000,0.000000,0.000000,0.000000,0.000000,8.000000,53.060000
1789081218.220961,0,0.000000,0.000000,0.000000,0.070000,0.000000,0.000000,0.000000,0.000000,8.000000,53.080000
1789081218.221395,0,0.000000,0.000000,0.000000,-0.030000,0.000000,0.000000,0.000000,0.000000,8.000000,53.090000
1789081218.242128,0,0.000000,0.000000,0.000000,0.020000,0.000000,0.000000,0.000000,0.000000,8.000000,53.090000
1789081218.242881,0,0.000000,0.000000,0.000000,0.250000,0.000000,0.000000,0.000000,0.000000,8.000000,53.110000
1789081218.263405,0,0.000000,0.000000,0.000000,0.110000,0.000000,0.000000,0.000000,0.000000,8.000000,53.110000
1789081218.264155,0,0.000000,0.000000,0.000000,0.020000,0.000000,0.000000,0.000000,0.000000,8.000000,53.130000
1789081218.284298,0,0.000000,0.000000,0.000000,0.150000,0.000000,0.000000,0.000000,0.000000,8.000000,53.130000
1789081218.284818,0,0.000000,0.000000,0.000000,-0.090000,0.000000,0.000000,0.000000,0.000000,8.000000,53.150000
1789081218.304724,0,0.000000,0.000000,0.000000,-0.030000,0.000000,0.000000,0.000000,0.000000,8.000000,53.150000
1789081218.325526,0,0.000000,0.000000,0.000000,0.000000,0.000000,0.000000,0.000000,0.000000,8.000000,53.160000
1789081218.326257,0,0.000000,0.000000,0.000000,0.110000,0.000000,0.000000,0.000000,0.000000,8.000000,53.160000
1789081218.326683,0,0.000000,0.000000,0.000000,0.070000,0.000000,0.000000,0.000000,0.000000,8.000000,53.180000
1789081218.347533,0,0.000000,0.000000,0.000000,-0.090000,0.000000,0.000000,0.000000,0.000000,8.000000,53.180000
1789081218.348042,0,0.000000,0.000000,0.000000,-0.030000,0.000000,0.000000,0.000000,0.000000,8.000000,53.200000
1789081218.369723,0,0.000000,0.000000,0.000000,0.070000,0.000000,0.000000,0.000000,0.000000,8.000000,53.200000
1789081218.370458,0,0.000000,0.000000,0.000000,0.020000,0.000000,0.000000,0.000000,0.000000,8.000000,53.220000
1789081218.393092,0,0.000000,0.000000,0.000000,-0.120000,0.000000,0.000000,0.000000,0.000000,8.000000,53.220000
1789081218.394028,0,0.000000,0.000000,0.000000,-0.090000,0.000000,0.000000,0.000000,0.000000,8.000000,53.240000
1789081218.415515,0,0.000000,0.000000,0.000000,0.200000,0.000000,0.000000,0.000000,0.000000,8.000000,53.250000
1789081218.416039,0,0.000000,0.000000,0.000000,0.070000,0.000000,0.000000,0.000000,0.000000,8.000000,53.250000
1789081218.416553,0,0.000000,0.000000,0.000000,-0.030000,0.000000,0.000000,0.000000,0.000000,8.000000,53.270000
1789081218.439304,0,0.000000,0.000000,0.000000,0.000000,0.000000,0.000000,0.000000,0.000000,8.000000,53.290000
1789081218.439891,0,0.000000,0.000000,0.000000,0.020000,0.000000,0.000000,0.000000,0.000000,8.000000,53.290000
1789081218.462117,0,0.000000,0.000000,0.000000,0.200000,0.000000,0.000000,0.000000,0.000000,8.000000,53.290000
1789081218.482691,0,0.000000,0.000000,0.000000,0.200000,0.000000,0.000000,0.000000,0.000000,8.000000,53.310000
1789081218.483205,0,0.000000,0.000000,0.000000,0.110000,0.000000,0.000000,0.000000,0.000000,8.000000,53.330000
1789081218.483773,0,0.000000,0.000000,0.000000,0.280000,0.000000,0.000000,0.000000,0.000000,8.000000,53.340000
1789081218.504038,0,0.000000,0.000000,0.000000,0.340000,0.000000,0.000000,0.000000,0.000000,8.000000,53.340000
1789081218.504545,0,0.000000,0.000000,0.000000,0.020000,0.000000,0.000000,0.000000,0.000000,8.000000,53.360000
1789081218.524814,0,0.000000,0.000000,0.000000,0.000000,0.000000,0.000000,0.000000,0.000000,8.000000,53.360000
1789081218.525345,0,0.000000,0.000000,0.000000,0.000000,0.000000,0.000000,0.000000,0.000000,8.000000,53.380000
1789081218.544806,0,0.000000,0.000000,0.000000,0.070000,0.000000,0.000000,0.000000,0.000000,8.000000,53.380000
1789081218.545598,0,0.000000,0.000000,0.000000,0.070000,0.000000,0.000000,0.000000,0.000000,8.000000,53.400000
1789081218.565266,0,0.000000,0.000000,0.000000,0.020000,0.000000,0.000000,0.000000,0.000000,8.000000,53.400000
1789081218.565744,0,0.000000,0.000000,0.000000,0.150000,0.000000,0.000000,0.000000,0.000000,8.000000,53.410000
1789081218.585923,0,0.000000,0.000000,0.000000,0.200000,0.000000,0.000000,0.000000,0.000000,8.000000,53.430000
1789081218.586474,0,0.000000,0.000000,0.000000,0.110000,0.000000,0.000000,0.000000,0.000000,8.000000,53.430000
1789081218.608985,0,0.000000,0.000000,0.000000,0.110000,0.000000,0.000000,0.000000,0.000000,8.000000,53.450000
1789081218.609605,0,0.000000,0.000000,0.000000,0.020000,0.000000,0.000000,0.000000,0.000000,8.000000,53.450000
1789081218.610445,0,0.000000,0.000000,0.000000,-0.030000,0.000000,0.000000,0.000000,0.000000,8.000000,53.470000
1789081218.631149,0,0.000000,0.000000,0.000000,0.000000,0.000000,0.000000,0.000000,0.000000,8.000000,53.470000
1789081218.631833,0,0.000000,0.000000,0.000000,0.000000,0.000000,0.000000,0.000000,0.000000,8.000000,53.490000
1789081218.682745,0,0.000000,0.000000,0.000000,0.020000,0.000000,0.000000,0.000000,0.000000,8.000000,53.500000
1789081218.683261,0,0.000000,0.000000,0.000000,-0.030000,0.000000,0.000000,0.000000,0.000000,8.000000,53.500000
1789081218.683710,0,0.000000,0.000000,0.000000,0.070000,0.000000,0.000000,0.000000,0.000000,8.000000,53.520000
1789081218.684199,0,0.000000,0.000000,0.000000,0.110000,0.000000,0.000000,0.000000,0.000000,8.000000,53.520000
1789081218.684869,0,0.000000,0.000000,0.000000,0.000000,0.000000,0.000000,0.000000,0.000000,8.000000,53.540000
1789081218.685440,0,0.000000,0.000000,0.000000,-0.030000,0.000000,0.000000,0.000000,0.000000,8.000000,53.540000
1789081218.712368,0,0.000000,0.000000,0.000000,0.000000,0.000000,0.000000,0.000000,0.000000,8.000000,53.560000
1789081218.738988,0,0.000000,0.000000,0.000000,0.000000,0.000000,0.000000,0.000000,0.000000,8.000000,53.560000
1789081218.739603,0,0.000000,0.000000,0.000000,-0.090000,0.000000,0.000000,0.000000,0.000000,8.000000,53.580000
1789081218.766879,0,0.000000,0.000000,0.000000,0.110000,0.000000,0.000000,0.000000,0.000000,8.000000,53.590000
1789081218.767485,0,0.000000,0.000000,0.000000,0.110000,0.000000,0.000000,0.000000,0.000000,8.000000,53.590000
1789081218.767933,0,0.000000,0.000000,0.000000,0.340000,0.000000,0.000000,0.000000,0.000000,8.000000,53.610000
1789081218.794583,0,0.000000,0.000000,0.000000,-0.030000,0.000000,0.000000,0.000000,0.000000,8.000000,53.610000
1789081218.795094,0,0.000000,0.000000,0.000000,0.200000,0.000000,0.000000,0.000000,0.000000,8.000000,53.630000
1789081218.795648,0,0.000000,0.000000,0.000000,0.250000,0.000000,0.000000,0.000000,0.000000,8.000000,53.630000
1789081218.821596,0,0.000000,0.000000,0.000000,0.340000,0.000000,0.000000,0.000000,0.000000,8.000000,53.650000
1789081218.822080,0,0.000000,0.000000,0.000000,0.250000,0.000000,0.000000,0.000000,0.000000,8.000000,53.660000
1789081218.848525,0,0.000000,0.000000,0.000000,0.250000,0.000000,0.000000,0.000000,0.000000,8.000000,53.680000
1789081218.849101,0,0.000000,0.000000,0.000000,0.200000,0.000000,0.000000,0.000000,0.000000,8.000000,53.680000
1789081218.849660,0,0.000000,0.000000,0.000000,0.020000,0.000000,0.000000,0.000000,0.000000,8.000000,53.700000
1789081218.876441,0,0.000000,0.000000,0.000000,0.150000,0.000000,0.000000,0.000000,0.000000,8.000000,53.700000
1789081218.876947,0,0.000000,0.000000,0.000000,-0.030000,0.000000,0.000000,0.000000,0.000000,8.000000,53.720000
1789081218.877513,0,0.000000,0.000000,0.000000,0.070000,0.000000,0.000000,0.000000,0.000000,8.000000,53.720000
1789081218.903186,0,0.000000,0.000000,0.000000,0.250000,0.000000,0.000000,0.000000,0.000000,8.000000,53.740000
1789081218.903765,0,0.000000,0.000000,0.000000,0.150000,0.000000,0.000000,0.000000,0.000000,8.000000,53.750000
1789081218.904236,0,0.000000,0.000000,0.000000,0.110000,0.000000,0.000000,0.000000,0.000000,8.000000,53.750000
1789081218.929044,0,0.000000,0.000000,0.000000,0.070000,0.000000,0.000000,0.000000,0.000000,8.000000,53.770000
1789081218.929584,0,0.000000,0.000000,0.000000,0.150000,0.000000,0.000000,0.000000,0.000000,8.000000,53.770000
1789081218.929965,0,0.000000,0.000000,0.000000,0.150000,0.000000,0.000000,0.000000,0.000000,8.000000,53.790000
1789081218.955495,0,0.000000,0.000000,0.000000,0.200000,0.000000,0.000000,0.000000,0.000000,8.000000,53.790000
1789081218.980752,0,0.000000,0.000000,0.000000,0.110000,0.000000,0.000000,0.000000,0.000000,8.000000,53.810000
1789081218.981258,0,0.000000,0.000000,0.000000,0.020000,0.000000,0.000000,0.000000,0.000000,8.000000,53.810000
1789081218.981637,0,0.000000,0.000000,0.000000,0.460000,0.000000,0.000000,0.000000,0.000000,8.000000,53.830000
1789081218.981998,0,0.000000,0.000000,0.000000,0.200000,0.000000,0.000000,0.000000,0.000000,8.000000,53.840000
1789081219.008735,0,0.000000,0.000000,0.000000,0.150000,0.000000,0.000000,0.000000,0.000000,8.000000,53.840000
1789081219.009239,0,0.000000,0.000000,0.000000,0.150000,0.000000,0.000000,0.000000,0.000000,8.000000,53.860000
1789081219.009633,0,0.000000,0.000000,0.000000,0.110000,0.000000,0.000000,0.000000,0.000000,8.000000,53.860000
1789081219.035710,0,0.000000,0.000000,0.000000,0.000000,0.000000,0.000000,0.000000,0.000000,8.000000,53.880000
1789081219.036190,0,0.000000,0.000000,0.000000,0.070000,0.000000,0.000000,0.000000,0.000000,8.000000,53.880000
1789081219.063184,0,0.000000,0.000000,0.000000,0.280000,0.000000,0.000000,0.000000,0.000000,8.000000,53.900000
1789081219.063679,0,0.000000,0.000000,0.000000,0.110000,0.000000,0.000000,0.000000,0.000000,8.000000,53.900000
1789081219.064066,0,0.000000,0.000000,0.000000,0.020000,0.000000,0.000000,0.000000,0.000000,8.000000,53.910000
1789081219.090143,0,0.000000,0.000000,0.000000,0.150000,0.000000,0.000000,0.000000,0.000000,8.000000,53.930000
1789081219.090623,0,0.000000,0.000000,0.000000,0.150000,0.000000,0.000000,0.000000,0.000000,8.000000,53.930000
1789081219.091003,0,0.000000,0.000000,0.000000,0.250000,0.000000,0.000000,0.000000,0.000000,8.000000,53.950000
1789081219.116729,0,0.000000,0.000000,0.000000,0.070000,0.000000,0.000000,0.000000,0.000000,8.000000,53.950000
1789081219.117206,0,0.000000,0.000000,0.000000,0.200000,0.000000,0.000000,0.000000,0.000000,8.000000,53.970000
1789081219.117600,0,0.000000,0.000000,0.000000,0.250000,0.000000,0.000000,0.000000,0.000000,8.000000,53.970000
1789081219.145669,0,0.000000,0.000000,0.000000,0.280000,0.000000,0.000000,0.000000,0.000000,8.000000,53.990000
1789081219.146200,0,0.000000,0.000000,0.000000,0.280000,0.000000,0.000000,0.000000,0.000000,8.000000,54.000000
1789081219.173159,0,0.000000,0.000000,0.000000,0.200000,0.000000,0.000000,0.000000,0.000000,8.000000,54.000000
1789081219.173642,0,0.000000,0.000000,0.000000,0.150000,0.000000,0.000000,0.000000,0.000000,8.000000,54.020000
1789081219.174029,0,0.000000,0.000000,0.000000,0.150000,0.000000,0.000000,0.000000,0.000000,8.000000,54.020000
1789081219.200089,0,0.000000,0.000000,0.000000,0.150000,0.000000,0.000000,0.000000,0.000000,8.000000,54.040000
1789081219.200624,0,0.000000,0.000000,0.000000,0.110000,0.000000,0.000000,0.000000,0.000000,8.000000,54.040000
1789081219.201062,0,0.000000,0.000000,0.000000,0.070000,0.000000,0.000000,0.000000,0.000000,8.000000,54.040000
1789081219.222570,0,0.000000,0.000000,0.000000,0.110000,0.000000,0.000000,0.000000,0.000000,8.000000,54.060000
1789081219.223106,0,0.000000,0.000000,0.000000,0.110000,0.000000,0.000000,0.000000,0.000000,8.000000,54.060000
1789081219.223644,0,0.000000,0.000000,0.000000,0.000000,0.000000,0.000000,0.000000,0.000000,8.000000,54.080000
1789081219.246432,0,0.000000,0.000000,0.000000,0.110000,0.000000,0.000000,0.000000,0.000000,8.000000,54.090000
1789081219.268169,0,0.000000,0.000000,0.000000,0.280000,0.000000,0.000000,0.000000,0.000000,8.000000,54.090000
1789081219.268697,0,0.000000,0.000000,0.000000,0.250000,0.000000,0.000000,0.000000,0.000000,8.000000,54.110000
1789081219.269302,0,0.000000,0.000000,0.000000,0.250000,0.000000,0.000000,0.000000,0.000000,8.000000,54.130000
1789081219.290437,0,0.000000,0.000000,0.000000,0.280000,0.000000,0.000000,0.000000,0.000000,8.000000,54.130000
1789081219.291150,0,0.000000,0.000000,0.000000,0.150000,0.000000,0.000000,0.000000,0.000000,8.000000,54.150000
1789081219.314777,0,0.000000,0.000000,0.000000,0.250000,0.000000,0.000000,0.000000,0.000000,8.000000,54.150000
1789081219.315502,0,0.000000,0.000000,0.000000,0.250000,0.000000,0.000000,0.000000,0.000000,8.000000,54.160000
1789081219.341657,0,0.000000,0.000000,0.000000,0.280000,0.000000,0.000000,0.000000,0.000000,8.000000,54.180000
1789081219.342129,0,0.000000,0.000000,0.000000,0.020000,0.000000,0.000000,0.000000,0.000000,8.000000,54.180000
1789081219.342607,0,0.000000,0.000000,0.000000,0.150000,0.000000,0.000000,0.000000,0.000000,8.000000,54.200000
1789081219.370585,0,0.000000,0.000000,0.000000,0.110000,0.000000,0.000000,0.000000,0.000000,8.000000,54.200000
1789081219.398762,0,0.000000,0.000000,0.000000,0.020000,0.000000,0.000000,0.000000,0.000000,8.000000,54.220000
1789081219.399270,0,0.000000,0.000000,0.000000,0.000000,0.000000,0.000000,0.000000,0.000000,8.000000,54.220000
1789081219.399650,0,0.000000,0.000000,0.000000,0.150000,0.000000,0.000000,0.000000,0.000000,8.000000,54.240000
1789081219.427639,0,0.000000,0.000000,0.000000,0.110000,0.000000,0.000000,0.000000,0.000000,8.000000,54.250000
1789081219.428327,0,0.000000,0.000000,0.000000,0.110000,0.000000,0.000000,0.000000,0.000000,8.000000,54.250000
1789081219.429249,0,0.000000,0.000000,0.000000,0.000000,0.000000,0.000000,0.000000,0.000000,8.000000,54.270000
1789081219.429753,0,0.000000,0.000000,0.000000,0.070000,0.000000,0.000000,0.000000,0.000000,8.000000,54.270000
1789081219.456792,0,0.000000,0.000000,0.000000,-0.030000,0.000000,0.000000,0.000000,0.000000,8.000000,54.290000
1789081219.457406,0,0.000000,0.000000,0.000000,-0.030000,0.000000,0.000000,0.000000,0.000000,8.000000,54.290000
1789081219.458011,0,0.000000,0.000000,0.000000,-0.170000,0.000000,0.000000,0.000000,0.000000,8.000000,54.310000
1789081219.485981,0,0.000000,0.000000,0.000000,0.000000,0.000000,0.000000,0.000000,0.000000,8.000000,54.310000
1789081219.486453,0,0.000000,0.000000,0.000000,-0.030000,0.000000,0.000000,0.000000,0.000000,8.000000,54.330000
1789081219.512957,0,0.000000,0.000000,0.000000,-0.030000,0.000000,0.000000,0.000000,0.000000,8.000000,54.340000
1789081219.513442,0,0.000000,0.000000,0.000000,-0.090000,0.000000,0.000000,0.000000,0.000000,8.000000,54.340000
1789081219.513830,0,0.000000,0.000000,0.000000,0.150000,0.000000,0.000000,0.000000,0.000000,8.000000,54.360000
1789081219.539756,0,0.000000,0.000000,0.000000,-0.030000,0.000000,0.000000,0.000000,0.000000,8.000000,54.360000
1789081219.540293,0,0.000000,0.000000,0.000000,-0.030000,0.000000,0.000000,0.000000,0.000000,8.000000,54.380000
1789081219.540868,0,0.000000,0.000000,0.000000,-0.090000,0.000000,0.000000,0.000000,0.000000,8.000000,54.380000
1789081219.570776,0,0.000000,0.000000,0.000000,-0.030000,0.000000,0.000000,0.000000,0.000000,8.000000,54.400000
1789081219.571260,0,0.000000,0.000000,0.000000,-0.120000,0.000000,0.000000,0.000000,0.000000,8.000000,54.400000
1789081219.571650,0,0.000000,0.000000,0.000000,-0.210000,0.000000,0.000000,0.000000,0.000000,8.000000,54.410000
1789081219.601940,0,0.000000,0.000000,0.000000,0.000000,0.000000,0.000000,0.000000,0.000000,8.000000,54.430000
1789081219.602416,0,0.000000,0.000000,0.000000,-0.090000,0.000000,0.000000,0.000000,0.000000,8.000000,54.430000
1789081219.602809,0,0.000000,0.000000,0.000000,-0.340000,0.000000,0.000000,0.000000,0.000000,8.000000,54.450000
1789081219.633273,0,0.000000,0.000000,0.000000,-0.030000,0.000000,0.000000,0.000000,0.000000,8.000000,54.450000
1789081219.633772,0,0.000000,0.000000,0.000000,-0.120000,0.000000,0.000000,0.000000,0.000000,8.000000,54.470000
1789081219.662925,0,0.000000,0.000000,0.000000,0.070000,0.000000,0.000000,0.000000,0.000000,8.000000,54.470000
1789081219.663436,0,0.000000,0.000000,0.000000,0.070000,0.000000,0.000000,0.000000,0.000000,8.000000,54.490000
1789081219.663824,0,0.000000,0.000000,0.000000,-0.030000,0.000000,0.000000,0.000000,0.000000,8.000000,54.500000
1789081219.664188,0,0.000000,0.000000,0.000000,0.000000,0.000000,0.000000,0.000000,0.000000,8.000000,54.500000
1789081219.692400,0,0.000000,0.000000,0.000000,-0.090000,0.000000,0.000000,0.000000,0.000000,8.000000,54.520000
1789081219.692879,0,0.000000,0.000000,0.000000,-0.120000,0.000000,0.000000,0.000000,0.000000,8.000000,54.520000
1789081219.693251,0,0.000000,0.000000,0.000000,0.000000,0.000000,0.000000,0.000000,0.000000,8.000000,54.540000
1789081219.721676,0,0.000000,0.000000,0.000000,0.000000,0.000000,0.000000,0.000000,0.000000,8.000000,54.540000
1789081219.722154,0,0.000000,0.000000,0.000000,0.020000,0.000000,0.000000,0.000000,0.000000,8.000000,54.560000
1789081219.722687,0,0.000000,0.000000,0.000000,0.000000,0.000000,0.000000,0.000000,0.000000,8.000000,54.560000
1789081219.751843,0,0.000000,0.000000,0.000000,-0.030000,0.000000,0.000000,0.000000,0.000000,8.000000,54.580000
1789081219.752328,0,0.000000,0.000000,0.000000,0.020000,0.000000,0.000000,0.000000,0.000000,8.000000,54.590000
1789081219.781575,0,0.000000,0.000000,0.000000,0.000000,0.000000,0.000000,0.000000,0.000000,8.000000,54.590000
1789081219.782064,0,0.000000,0.000000,0.000000,0.070000,0.000000,0.000000,0.000000,0.000000,8.000000,54.610000
1789081219.809910,0,0.000000,0.000000,0.000000,-0.170000,0.000000,0.000000,0.000000,0.000000,8.000000,54.610000
1789081219.810393,0,0.000000,0.000000,0.000000,0.070000,0.000000,0.000000,0.000000,0.000000,8.000000,54.630000
1789081219.810831,0,0.000000,0.000000,0.000000,-0.030000,0.000000,0.000000,0.000000,0.000000,8.000000,54.630000
1789081219.811207,0,0.000000,0.000000,0.000000,0.110000,0.000000,0.000000,0.000000,0.000000,8.000000,54.650000
1789081219.811582,0,0.000000,0.000000,0.000000,0.070000,0.000000,0.000000,0.000000,0.000000,8.000000,54.650000
1789081219.842561,0,0.000000,0.000000,0.000000,0.070000,0.000000,0.000000,0.000000,0.000000,8.000000,54.660000
1789081219.843191,0,0.000000,0.000000,0.000000,0.110000,0.000000,0.000000,0.000000,0.000000,8.000000,54.680000
1789081219.843710,0,0.000000,0.000000,0.000000,0.110000,0.000000,0.000000,0.000000,0.000000,8.000000,54.680000
1789081219.872081,0,0.000000,0.000000,0.000000,0.110000,0.000000,0.000000,0.000000,0.000000,8.000000,54.700000
1789081219.872607,0,0.000000,0.000000,0.000000,-0.120000,0.000000,0.000000,0.000000,0.000000,8.000000,54.700000
1789081219.873010,0,0.000000,0.000000,0.000000,0.110000,0.000000,0.000000,0.000000,0.000000,8.000000,54.720000
1789081219.901341,0,0.000000,0.000000,0.000000,0.070000,0.000000,0.000000,0.000000,0.000000,8.000000,54.720000
1789081219.901871,0,0.000000,0.000000,0.000000,0.070000,0.000000,0.000000,0.000000,0.000000,8.000000,54.740000
1789081219.902274,0,0.000000,0.000000,0.000000,0.150000,0.000000,0.000000,0.000000,0.000000,8.000000,54.750000
1789081219.928875,0,0.000000,0.000000,0.000000,0.020000,0.000000,0.000000,0.000000,0.000000,8.000000,54.750000
1789081219.929396,0,0.000000,0.000000,0.000000,0.070000,0.000000,0.000000,0.000000,0.000000,8.000000,54.770000
1789081219.929900,0,0.000000,0.000000,0.000000,0.250000,0.000000,0.000000,0.000000,0.000000,8.000000,54.770000
1789081219.956560,0,0.000000,0.000000,0.000000,0.150000,0.000000,0.000000,0.000000,0.000000,8.000000,54.790000
1789081219.957063,0,0.000000,0.000000,0.000000,0.110000,0.000000,0.000000,0.000000,0.000000,8.000000,54.790000
1789081219.957577,0,0.000000,0.000000,0.000000,0.200000,0.000000,0.000000,0.000000,0.000000,8.000000,54.810000
1789081219.986506,0,0.000000,0.000000,0.000000,0.110000,0.000000,0.000000,0.000000,0.000000,8.000000,54.810000
1789081219.987034,0,0.000000,0.000000,0.000000,0.000000,0.000000,0.000000,0.000000,0.000000,8.000000,54.830000
1789081220.016839,0,0.000000,0.000000,1.000000,0.110000,0.000000,0.000000,0.000000,0.000000,8.000000,54.840000
1789081220.017397,0,0.000000,0.000000,1.000000,0.110000,0.000000,0.000000,0.000000,0.000000,8.000000,54.840000
1789081220.017797,0,0.000000,0.000000,1.000000,0.110000,0.000000,0.000000,0.000000,0.000000,8.000000,54.860000
1789081220.045368,0,0.000000,0.000000,1.000000,0.150000,0.000000,0.000000,0.000000,0.000000,8.000000,54.860000
1789081220.045876,0,0.000000,0.000000,1.000000,0.000000,0.000000,0.000000,0.000000,0.000000,8.000000,54.880000
1789081220.046254,0,0.000000,0.000000,1.000000,0.020000,0.000000,0.000000,0.000000,0.000000,8.000000,54.880000
1789081220.046617,0,0.000000,0.000000,1.000000,-0.120000,0.000000,0.000000,0.000000,0.000000,8.000000,54.900000
1789081220.071289,0,0.000000,0.000000,1.000000,0.000000,0.000000,0.000000,0.000000,0.000000,8.000000,54.900000
1789081220.071778,0,0.000000,0.000000,1.000000,0.020000,0.000000,0.000000,0.000000,0.000000,8.000000,54.910000
1789081220.072154,0,0.000000,0.000000,1.000000,-0.340000,0.000000,0.000000,0.000000,0.000000,8.000000,54.930000
1789081220.096835,0,0.000000,0.000000,1.000000,-0.090000,0.000000,0.000000,0.000000,0.000000,8.000000,54.930000
1789081220.097353,0,0.000000,0.000000,1.000000,-0.170000,0.000000,0.000000,0.000000,0.000000,8.000000,54.950000
1789081220.121375,0,0.000000,0.000000,1.000000,-0.210000,0.000000,0.000000,0.000000,0.000000,8.000000,54.950000
1789081220.121884,0,0.000000,0.000000,1.000000,-0.090000,0.000000,0.000000,0.000000,0.000000,8.000000,54.970000
1789081220.122301,0,0.000000,0.000000,1.000000,-0.430000,0.000000,0.000000,0.000000,0.000000,8.000000,54.970000
1789081220.148037,0,0.000000,0.000000,1.000000,-0.560000,0.000000,0.000000,0.000000,0.000000,8.000000,54.990000
1789081220.148542,0,0.000000,0.000000,1.000000,-0.380000,0.000000,0.000000,0.000000,0.000000,8.000000,55.000000
1789081220.148959,0,0.000000,0.000000,1.000000,-0.560000,0.000000,0.000000,0.000000,0.000000,8.000000,55.000000
1789081220.176139,0,0.000000,0.000000,1.000000,-0.510000,0.000000,0.000000,0.000000,0.000000,8.000000,55.020000
1789081220.176640,0,0.000000,0.000000,1.000000,-0.740000,0.000000,0.000000,0.000000,0.000000,8.000000,55.020000
1789081220.177065,0,0.000000,0.000000,1.000000,-0.740000,0.000000,0.000000,0.000000,0.000000,8.000000,55.040000
1789081220.205225,0,0.000000,0.000000,1.000000,-0.810000,0.000000,0.000000,0.000000,0.000000,8.000000,55.040000
1789081220.205810,0,0.000000,0.000000,1.000000,-1.030000,0.000000,0.000000,0.000000,0.000000,8.000000,55.060000
1789081220.233188,0,0.000000,0.000000,1.000000,-1.290000,0.000000,0.000000,0.000000,0.000000,8.000000,55.060000
1789081220.233730,0,0.000000,0.000000,1.000000,-1.160000,0.000000,0.000000,0.000000,0.000000,8.000000,55.080000
1789081220.234323,0,0.000000,0.000000,1.000000,-1.210000,0.000000,0.000000,0.000000,0.000000,8.000000,55.090000
1789081220.258661,0,0.000000,0.000000,1.000000,-1.380000,0.000000,0.000000,0.000000,0.000000,8.000000,55.090000
1789081220.259154,0,0.000000,0.000000,1.000000,-1.500000,0.000000,0.000000,0.000000,0.000000,8.000000,55.090000
1789081220.259570,0,0.000000,0.000000,1.000000,-1.550000,0.000000,0.000000,0.000000,0.000000,8.000000,55.110000
1789081220.284835,0,0.000000,0.000000,1.000000,-1.630000,0.000000,0.000000,0.000000,0.000000,8.000000,55.110000
1789081220.285344,0,0.000000,0.000000,1.000000,-1.820000,0.000000,0.000000,0.000000,0.000000,8.000000,55.130000
1789081220.285882,0,0.000000,0.000000,1.000000,-1.820000,0.000000,0.000000,0.000000,0.000000,8.000000,55.130000
1789081220.311665,0,0.000000,0.000000,1.000000,-1.990000,0.000000,0.000000,0.000000,0.000000,8.000000,55.150000
1789081220.312330,0,0.000000,0.000000,1.000000,-2.070000,0.000000,0.000000,0.000000,0.000000,8.000000,55.150000
1789081220.337286,0,0.000000,0.000000,1.000000,-1.950000,0.000000,0.000000,0.000000,0.000000,8.000000,55.160000
1789081220.337791,0,0.000000,0.000000,1.000000,-1.990000,0.000000,0.000000,0.000000,0.000000,8.000000,55.180000
1789081220.338377,0,0.000000,0.000000,1.000000,-1.990000,0.000000,0.000000,0.000000,0.000000,8.000000,55.180000
1789081220.362074,0,0.000000,0.000000,1.000000,-2.380000,0.000000,0.000000,0.000000,0.000000,8.000000,55.200000
1789081220.362598,0,0.000000,0.000000,1.000000,-2.470000,0.000000,0.000000,0.000000,0.000000,8.000000,55.200000
1789081220.388220,0,0.000000,0.000000,1.000000,-2.380000,0.000000,0.000000,0.000000,0.000000,8.000000,55.220000
1789081220.388720,0,0.000000,0.000000,1.000000,-2.680000,0.000000,0.000000,0.000000,0.000000,8.000000,55.220000
1789081220.415636,0,0.000000,0.000000,1.000000,-2.420000,0.000000,0.000000,0.000000,0.000000,8.000000,55.240000
1789081220.416146,0,0.000000,0.000000,1.000000,-2.420000,0.000000,0.000000,0.000000,0.000000,8.000000,55.250000
1789081220.440740,0,0.000000,0.000000,1.000000,-0.740000,0.000000,0.000000,0.000000,0.000000,8.000000,55.250000
1789081220.441246,0,0.000000,0.000000,1.000000,-3.460000,0.000000,0.000000,0.000000,0.000000,8.000000,55.270000
1789081220.441671,0,0.000000,0.000000,1.000000,-0.610000,0.000000,0.000000,0.000000,0.000000,8.000000,55.270000
1789081220.442065,0,0.000000,0.000000,1.000000,-0.870000,0.000000,0.000000,0.000000,0.000000,8.000000,55.290000
1789081220.467861,0,0.000000,0.000000,1.000000,-1.210000,0.000000,0.000000,0.000000,0.000000,8.000000,55.290000
1789081220.468396,0,0.000000,0.000000,1.000000,-2.160000,0.000000,0.000000,0.000000,0.000000,8.000000,55.310000
1789081220.492816,0,0.000000,0.000000,1.000000,-1.990000,0.000000,0.000000,0.000000,0.000000,8.000000,55.310000
1789081220.493324,0,0.000000,0.000000,1.000000,-1.820000,0.000000,0.000000,0.000000,0.000000,8.000000,55.330000
1789081220.493723,0,0.000000,0.000000,1.000000,-1.600000,0.000000,0.000000,0.000000,0.000000,8.000000,55.340000
1789081220.494933,0,0.000000,0.000000,1.000000,-1.600000,0.000000,0.000000,0.000000,0.000000,8.000000,55.340000
1789081220.519622,0,0.000000,0.000000,1.000000,-1.380000,0.000000,0.000000,0.000000,0.000000,8.000000,55.360000
1789081220.520125,0,0.000000,0.000000,1.000000,-1.210000,0.000000,0.000000,0.000000,0.000000,8.000000,55.360000
1789081220.520547,0,0.000000,0.000000,1.000000,-1.160000,0.000000,0.000000,0.000000,0.000000,8.000000,55.380000
1789081220.543734,0,0.000000,0.000000,1.000000,-1.210000,0.000000,0.000000,0.000000,0.000000,8.000000,55.380000
1789081220.544284,0,0.000000,0.000000,1.000000,-1.160000,0.000000,0.000000,0.000000,0.000000,8.000000,55.400000
1789081220.567244,0,0.000000,0.000000,1.000000,-1.120000,0.000000,0.000000,0.000000,0.000000,8.000000,55.400000
1789081220.567863,0,0.000000,0.000000,1.000000,-1.080000,0.000000,0.000000,0.000000,0.000000,8.000000,55.410000
1789081220.592675,0,0.000000,0.000000,1.000000,-1.120000,0.000000,0.000000,0.000000,0.000000,8.000000,55.430000
1789081220.593181,0,0.000000,0.000000,1.000000,-1.080000,0.000000,0.000000,0.000000,0.000000,8.000000,55.430000
1789081220.593598,0,0.000000,0.000000,1.000000,-0.940000,0.000000,0.000000,0.000000,0.000000,8.000000,55.450000
1789081220.614263,0,0.000000,0.000000,1.000000,-0.770000,0.000000,0.000000,0.000000,0.000000,8.000000,55.450000
1789081220.614788,0,0.000000,0.000000,1.000000,-0.870000,0.000000,0.000000,0.000000,0.000000,8.000000,55.470000
1789081220.633891,0,0.000000,0.000000,1.000000,-0.810000,0.000000,0.000000,0.000000,0.000000,8.000000,55.470000
1789081220.634399,0,0.000000,0.000000,1.000000,-0.810000,0.000000,0.000000,0.000000,0.000000,8.000000,55.490000
1789081220.634799,0,0.000000,0.000000,1.000000,-0.770000,0.000000,0.000000,0.000000,0.000000,8.000000,55.500000
1789081220.654124,0,0.000000,0.000000,1.000000,-0.910000,0.000000,0.000000,0.000000,0.000000,8.000000,55.500000
1789081220.672603,0,0.000000,0.000000,1.000000,-0.610000,0.000000,0.000000,0.000000,0.000000,8.000000,55.520000
1789081220.673101,0,0.000000,0.000000,1.000000,-0.640000,0.000000,0.000000,0.000000,0.000000,8.000000,55.520000
1789081220.673516,0,0.000000,0.000000,1.000000,-0.640000,0.000000,0.000000,0.000000,0.000000,8.000000,55.540000
1789081220.694844,0,0.000000,0.000000,1.000000,-0.470000,0.000000,0.000000,0.000000,0.000000,8.000000,55.540000
1789081220.715700,0,0.000000,0.000000,1.000000,-0.380000,0.000000,0.000000,0.000000,0.000000,8.000000,55.560000
1789081220.716229,0,0.000000,0.000000,1.000000,-0.380000,0.000000,0.000000,0.000000,0.000000,8.000000,55.560000
1789081220.716666,0,0.000000,0.000000,1.000000,-0.340000,0.000000,0.000000,0.000000,0.000000,8.000000,55.580000
1789081220.737698,0,0.000000,0.000000,1.000000,-0.560000,0.000000,0.000000,0.000000,0.000000,8.000000,55.590000
1789081220.738323,0,0.000000,0.000000,1.000000,-0.510000,0.000000,0.000000,0.000000,0.000000,8.000000,55.590000
1789081220.758783,0,0.000000,0.000000,1.000000,-0.510000,0.000000,0.000000,0.000000,0.000000,8.000000,55.610000
1789081220.759476,0,0.000000,0.000000,1.000000,-0.470000,0.000000,0.000000,0.000000,0.000000,8.000000,55.610000
1789081220.780770,0,0.000000,0.000000,1.000000,-0.510000,0.000000,0.000000,0.000000,0.000000,8.000000,55.630000
1789081220.801799,0,0.000000,0.000000,1.000000,-0.470000,0.000000,0.000000,0.000000,0.000000,8.000000,55.630000
1789081220.802312,0,0.000000,0.000000,1.000000,-0.340000,0.000000,0.000000,0.000000,0.000000,8.000000,55.650000
1789081220.802710,0,0.000000,0.000000,1.000000,-0.510000,0.000000,0.000000,0.000000,0.000000,8.000000,55.650000
1789081220.822471,0,0.000000,0.000000,1.000000,-0.640000,0.000000,0.000000,0.000000,0.000000,8.000000,55.660000
1789081220.823099,0,0.000000,0.000000,1.000000,-0.610000,0.000000,0.000000,0.000000,0.000000,8.000000,55.680000
1789081220.823559,0,0.000000,0.000000,1.000000,-0.610000,0.000000,0.000000,0.000000,0.000000,8.000000,55.680000
1789081220.843392,0,0.000000,0.000000,1.000000,-0.610000,0.000000,0.000000,0.000000,0.000000,8.000000,55.700000
1789081220.843972,0,0.000000,0.000000,1.000000,-0.560000,0.000000,0.000000,0.000000,0.000000,8.000000,55.700000
1789081220.865172,0,0.000000,0.000000,1.000000,-0.560000,0.000000,0.000000,0.000000,0.000000,8.000000,55.720000
1789081220.865792,0,0.000000,0.000000,1.000000,-0.560000,0.000000,0.000000,0.000000,0.000000,8.000000,55.720000
1789081220.890318,0,0.000000,0.000000,1.000000,-0.510000,0.000000,0.000000,0.000000,0.000000,8.000000,55.740000
1789081220.890990,0,0.000000,0.000000,1.000000,-0.560000,0.000000,0.000000,0.000000,0.000000,8.000000,55.750000
1789081220.916319,0,0.000000,0.000000,1.000000,-0.510000,0.000000,0.000000,0.000000,0.000000,8.000000,55.750000
1789081220.916798,0,0.000000,0.000000,1.000000,-0.470000,0.000000,0.000000,0.000000,0.000000,8.000000,55.770000
1789081220.940800,0,0.000000,0.000000,1.000000,-0.510000,0.000000,0.000000,0.000000,0.000000,8.000000,55.770000
1789081220.941279,0,0.000000,0.000000,1.000000,-0.610000,0.000000,0.000000,0.000000,0.000000,8.000000,55.790000
1789081220.966086,0,0.000000,0.000000,1.000000,-0.470000,0.000000,0.000000,0.000000,0.000000,8.000000,55.790000
1789081220.966570,0,0.000000,0.000000,1.000000,-0.380000,0.000000,0.000000,0.000000,0.000000,8.000000,55.810000
1789081220.966943,0,0.000000,0.000000,1.000000,-0.510000,0.000000,0.000000,0.000000,0.000000,8.000000,55.810000
1789081220.990633,0,0.000000,0.000000,1.000000,-0.560000,0.000000,0.000000,0.000000,0.000000,8.000000,55.830000
1789081220.991110,0,0.000000,0.000000,1.000000,-0.430000,0.000000,0.000000,0.000000,0.000000,8.000000,55.840000
1789081220.991501,0,0.000000,0.000000,1.000000,-0.340000,0.000000,0.000000,0.000000,0.000000,8.000000,55.840000
1789081221.014846,0,0.000000,0.000000,1.000000,-0.090000,0.000000,0.000000,0.000000,0.000000,8.000000,55.860000
1789081221.015332,0,0.000000,0.000000,1.000000,-0.340000,0.000000,0.000000,0.000000,0.000000,8.000000,55.860000
1789081221.040954,0,0.000000,0.000000,1.000000,-0.090000,0.000000,0.000000,0.000000,0.000000,8.000000,55.880000
1789081221.041433,0,0.000000,0.000000,1.000000,-0.170000,0.000000,0.000000,0.000000,0.000000,8.000000,55.880000
1789081221.066298,0,0.000000,0.000000,1.000000,0.070000,0.000000,0.000000,0.000000,0.000000,8.000000,55.900000
1789081221.066773,0,0.000000,0.000000,1.000000,0.000000,0.000000,0.000000,0.000000,0.000000,8.000000,55.900000
1789081221.067160,0,0.000000,0.000000,1.000000,-0.120000,0.000000,0.000000,0.000000,0.000000,8.000000,55.910000
1789081221.091005,0,0.000000,0.000000,1.000000,0.000000,0.000000,0.000000,0.000000,0.000000,8.000000,55.930000
1789081221.091492,0,0.000000,0.000000,1.000000,-0.300000,0.000000,0.000000,0.000000,0.000000,8.000000,55.930000
1789081221.115178,0,0.000000,0.000000,1.000000,-0.380000,0.000000,0.000000,0.000000,0.000000,8.000000,55.950000
1789081221.115654,0,0.000000,0.000000,1.000000,-0.090000,0.000000,0.000000,0.000000,0.000000,8.000000,55.950000
1789081221.116046,0,0.000000,0.000000,1.000000,-0.090000,0.000000,0.000000,0.000000,0.000000,8.000000,55.970000
1789081221.116551,0,0.000000,0.000000,1.000000,-0.170000,0.000000,0.000000,0.000000,0.000000,8.000000,55.970000
1789081221.140934,0,0.000000,0.000000,1.000000,-0.170000,0.000000,0.000000,0.000000,0.000000,8.000000,55.990000
1789081221.141401,0,0.000000,0.000000,1.000000,-0.250000,0.000000,0.000000,0.000000,0.000000,8.000000,56.000000
1789081221.163216,0,0.000000,0.000000,1.000000,-0.120000,0.000000,0.000000,0.000000,0.000000,8.000000,56.000000
1789081221.163726,0,0.000000,0.000000,1.000000,-0.210000,0.000000,0.000000,0.000000,0.000000,8.000000,56.020000
1789081221.183373,0,0.000000,0.000000,1.000000,-0.090000,0.000000,0.000000,0.000000,0.000000,8.000000,56.020000
1789081221.183986,0,0.000000,0.000000,1.000000,-0.090000,0.000000,0.000000,0.000000,0.000000,8.000000,56.040000
1789081221.203719,0,0.000000,0.000000,1.000000,0.000000,0.000000,0.000000,0.000000,0.000000,8.000000,56.040000
1789081221.204225,0,0.000000,0.000000,1.000000,0.000000,0.000000,0.000000,0.000000,0.000000,8.000000,56.060000
1789081221.204792,0,0.000000,0.000000,1.000000,0.200000,0.000000,0.000000,0.000000,0.000000,8.000000,56.060000
1789081221.223966,0,0.000000,0.000000,1.000000,0.020000,0.000000,0.000000,0.000000,0.000000,8.000000,56.060000
1789081221.224604,0,0.000000,0.000000,1.000000,-0.030000,0.000000,0.000000,0.000000,0.000000,8.000000,56.080000
1789081221.244451,0,0.000000,0.000000,1.000000,0.000000,0.000000,0.000000,0.000000,0.000000,8.000000,56.090000
1789081221.245023,0,0.000000,0.000000,1.000000,-0.090000,0.000000,0.000000,0.000000,0.000000,8.000000,56.090000
1789081221.266960,0,0.000000,0.000000,1.000000,0.020000,0.000000,0.000000,0.000000,0.000000,8.000000,56.110000
1789081221.267472,0,0.000000,0.000000,1.000000,0.020000,0.000000,0.000000,0.000000,0.000000,8.000000,56.110000
1789081221.288313,0,0.000000,0.000000,1.000000,0.020000,0.000000,0.000000,0.000000,0.000000,8.000000,56.130000
1789081221.288815,0,0.000000,0.000000,1.000000,0.020000,0.000000,0.000000,0.000000,0.000000,8.000000,56.130000
1789081221.309509,0,0.000000,0.000000,1.000000,-0.030000,0.000000,0.000000,0.000000,0.000000,8.000000,56.150000
1789081221.330633,0,0.000000,0.000000,1.000000,-0.340000,0.000000,0.000000,0.000000,0.000000,8.000000,56.150000
1789081221.331161,0,0.000000,0.000000,1.000000,0.000000,0.000000,0.000000,0.000000,0.000000,8.000000,56.160000
1789081221.331585,0,0.000000,0.000000,1.000000,-0.120000,0.000000,0.000000,0.000000,0.000000,8.000000,56.180000
1789081221.352223,0,0.000000,0.000000,1.000000,-0.380000,0.000000,0.000000,0.000000,0.000000,8.000000,56.180000
1789081221.352705,0,0.000000,0.000000,1.000000,-0.300000,0.000000,0.000000,0.000000,0.000000,8.000000,56.200000
1789081221.371942,0,0.000000,0.000000,1.000000,-0.430000,0.000000,0.000000,0.000000,0.000000,8.000000,56.200000
1789081221.372452,0,0.000000,0.000000,1.000000,-0.250000,0.000000,0.000000,0.000000,0.000000,8.000000,56.220000
1789081221.373013,0,0.000000,0.000000,1.000000,-0.380000,0.000000,0.000000,0.000000,0.000000,8.000000,56.220000
1789081221.392893,0,0.000000,0.000000,1.000000,-0.560000,0.000000,0.000000,0.000000,0.000000,8.000000,56.240000
1789081221.393425,0,0.000000,0.000000,1.000000,-0.510000,0.000000,0.000000,0.000000,0.000000,8.000000,56.250000
1789081221.413817,0,0.000000,0.000000,1.000000,-0.470000,0.000000,0.000000,0.000000,0.000000,8.000000,56.250000
1789081221.414494,0,0.000000,0.000000,1.000000,-0.610000,0.000000,0.000000,0.000000,0.000000,8.000000,56.270000
1789081221.434509,0,0.000000,0.000000,1.000000,-0.560000,0.000000,0.000000,0.000000,0.000000,8.000000,56.270000
1789081221.435133,0,0.000000,0.000000,1.000000,-0.510000,0.000000,0.000000,0.000000,0.000000,8.000000,56.290000
1789081221.454897,0,0.000000,0.000000,1.000000,-0.430000,0.000000,0.000000,0.000000,0.000000,8.000000,56.290000
1789081221.455456,0,0.000000,0.000000,1.000000,-0.560000,0.000000,0.000000,0.000000,0.000000,8.000000,56.310000
1789081221.476619,0,0.000000,0.000000,1.000000,-0.470000,0.000000,0.000000,0.000000,0.000000,8.000000,56.310000
1789081221.477164,0,0.000000,0.000000,1.000000,-0.640000,0.000000,0.000000,0.000000,0.000000,8.000000,56.330000
1789081221.498789,0,0.000000,0.000000,1.000000,-0.380000,0.000000,0.000000,0.000000,0.000000,8.000000,56.340000
1789081221.499433,0,0.000000,0.000000,1.000000,-0.610000,0.000000,0.000000,0.000000,0.000000,8.000000,56.340000
1789081221.520543,0,0.000000,0.000000,1.000000,-1.080000,0.000000,0.000000,0.000000,0.000000,8.000000,56.360000
1789081221.521098,0,0.000000,0.000000,1.000000,-1.210000,0.000000,0.000000,0.000000,0.000000,8.000000,56.360000
1789081221.542516,0,0.000000,0.000000,1.000000,-0.770000,0.000000,0.000000,0.000000,0.000000,8.000000,56.380000
1789081221.543332,0,0.000000,0.000000,1.000000,-0.870000,0.000000,0.000000,0.000000,0.000000,8.000000,56.380000
1789081221.564983,0,0.000000,0.000000,1.000000,-1.030000,0.000000,0.000000,0.000000,0.000000,8.000000,56.400000
1789081221.565718,0,0.000000,0.000000,1.000000,-0.770000,0.000000,0.000000,0.000000,0.000000,8.000000,56.410000
1789081221.586825,0,0.000000,0.000000,1.000000,-0.870000,0.000000,0.000000,0.000000,0.000000,8.000000,56.430000
1789081221.587446,0,0.000000,0.000000,1.000000,-0.910000,0.000000,0.000000,0.000000,0.000000,8.000000,56.430000
1789081221.588039,0,0.000000,0.000000,1.000000,-1.080000,0.000000,0.000000,0.000000,0.000000,8.000000,56.450000
1789081221.608048,0,0.000000,0.000000,1.000000,-0.910000,0.000000,0.000000,0.000000,0.000000,8.000000,56.450000
1789081221.608674,0,0.000000,0.000000,1.000000,-0.510000,0.000000,0.000000,0.000000,0.000000,8.000000,56.470000
1789081221.629449,0,0.000000,0.000000,1.000000,-0.560000,0.000000,0.000000,0.000000,0.000000,8.000000,56.470000
1789081221.629979,0,0.000000,0.000000,1.000000,-0.640000,0.000000,0.000000,0.000000,0.000000,8.000000,56.490000
