EpochTimestamp,TStep,Data 0,Data 1,Data 2,Data 3,Data 4,Data 5,Data 6,Data 7,Data 8,Data 9,Mark
1760564378,1,0.0,0.0,0.0,0.0,0.0,0.0,0.0,0.0,0.0,-0.02,0
1760564378,2,0.0,0.0,0.0,0.0,0.0,0.0,0.0,0.0,0.0,-0.02,0
1760564378,3,0.0,0.0,1.23,0.0,0.0,0.0,0.0,0.0,0.0,-0.02,0
1760564378,4,0.0,0.0,1.23,0.0,0.0,0.0,0.0,0.0,0.0,-0.02,0
1760564378,5,0.0,0.0,1.23,0.0,0.0,0.0,0.0,0.0,0.0,-0.02,0
1760564378,6,0.0,0.0,1.23,0.0,0.0,0.0,0.0,0.0,0.0,-0.02,0
1760564378,7,0.0,0.0,1.23,0.0,0.0,0.0,0.0,0.0,0.0,-0.02,0
1760564378,8,0.0,0.0,1.23,0.0,0.0,0.0,0.0,0.0,0.0,-0.02,0
1760564378,9,0.0,0.0,1.23,0.0,0.0,0.0,0.0,0.0,0.0,-0.02,0
1760564378,10,0.0,0.0,1.23,0.0,0.0,0.0,0.0,0.0,0.0,-0.02,0
1760564378,11,0.0,0.0,1.23,0.0,0.0,0.0,0.0,0.5,0.0,-0.02,0
1760564378,12,0.0,0.0,1.23,0.0,0.0,0.0,0.0,0.0,0.0,-0.02,0
1760564378,13,0.0,0.0,1.23,0.0,0.0,0.0,0.0,0.0,0.0,-0.02,0
1760564378,14,0.0,0.0,1.23,0.0,0.0,0.0,0.0,0.0,0.0,-0.02,0
1760564378,15,0.0,0.0,1.23,0.0,0.0,0.0,0.0,0.0,0.0,-0.02,0
1760564378,16,0.0,0.0,1.23,0.0,0.0,0.0,0.0,0.0,0.0,-0.02,0
1760564378,17,0.0,0.0,1.23,0.0,0.0,0.0,0.0,0.0,0.0,-0.02,0
1760564378,18,0.0,0.0,1.23,0.0,0.0,0.0,0.0,0.0,0.0,-0.02,0
1760564378,19,0.0,0.0,1.23,0.0,0.0,0.0,0.0,0.0,0.0,-0.02,0
1760564378,20,0.0,0.0,1.23,0.0,0.0,0.0,0.0,0.0,0.0,-0.02,0
1760564378,21,0.0,0.0,1.23,0.0,0.0,0.0,0.0,0.0,0.0,-0.02,0
1760564378,22,0.0,0.0,1.23,0.0,0.0,0.0,0.0,0.0,0.0,-0.02,0
1760564378,23,0.0,0.0,1.23,0.0,0.0,0.0,0.0,0.0,0.0,-0.02,0
1760564378,24,0.0,0.0,1.23,0.0,0.0,0.0,0.0,0.44,0.0,-0.02,0
1760564378,25,0.0,0.0,1.23,0.0,0.0,0.0,0.0,0.0,0.0,-0.02,0
1760564378,26,0.0,0.0,1.23,0.0,0.0,0.0,0.0,0.0,0.0,-0.02,0
1760564378,27,0.0,0.0,1.23,0.0,0.0,0.0,0.0,0.0,0.0,-0.02,0
1760564378,28,0.0,0.0,1.23,0.0,0.0,0.0,0.0,0.0,0.0,-0.02,0
1760564378,29,0.0,0.0,1.23,0.0,0.0,0.0,0.0,0.0,0.0,-0.02,0
1760564378,30,0.0,0.0,1.23,0.0,0.0,0.0,0.0,0.0,0.0,-0.02,0
1760564378,31,0.0,0.0,1.23,0.0,0.0,0.0,0.0,0.0,0.0,-0.02,0
1760564378,32,0.0,0.0,1.23,0.0,0.0,0.0,0.0,0.18,0.0,-0.02,0
1760564378,33,0.0,0.0,1.23,0.0,0.0,0.0,0.0,0.09,0.0,-0.02,0
1760564378,34,0.0,0.0,1.23,0.0,0.0,0.0,0.0,0.0,0.0,-0.02,0
1760564378,35,0.0,0.0,1.23,0.0,0.0,0.0,0.0,0.0,0.0,-0.02,0
1760564378,36,0.0,0.0,1.23,0.0,0.0,0.0,0.0,0.0,0.0,-0.02,0
1760564378,37,0.0,0.0,1.23,0.0,0.0,0.0,0.0,0.0,0.0,-0.02,0
1760564378,38,0.0,0.0,1.23,0.0,0.0,0.0,0.0,0.0,0.0,-0.02,0
1760564378,39,0.0,0.0,1.23,0.0,0.0,0.0,0.0,0.0,0.0,-0.02,0
1760564378,40,0.0,0.0,1.23,0.0,0.0,0.0,0.0,0.0,0.0,-0.02,0
1760564378,41,0.0,0.0,1.23,0.0,0.0,0.0,0.0,0.0,0.0,-0.02,0
1760564378,42,0.0,0.0,1.23,0.0,0.0,0.0,0.0,0.0,0.0,-0.02,0
1760564378,43,0.0,0.0,1.23,0.0,0.0,0.0,0.0,0.0,0.0,-0.02,0
1760564378,44,0.0,0.0,1.23,0.0,0.0,0.0,0.0,0.0,0.0,-0.02,0
1760564378,45,0.0,0.0,1.23,0.0,0.0,0.0,0.0,0.0,0.0,-0.02,0
1760564378,46,0.0,0.0,1.23,0.0,0.0,0.0,0.0,0.0,0.0,-0.02,0
1760564378,47,0.0,0.0,1.23,0.0,0.0,0.0,0.0,0.0,0.0,-0.02,0
1760564378,48,0.0,0.0,1.23,0.0,0.0,0.0,0.0,0.0,0.0,-0.02,0
1760564378,49,0.0,0.0,1.23,0.0,0.0,0.0,0.0,0.0,0.0,-0.02,0
1760564378,50,0.0,0.0,1.23,0.0,0.0,0.0,0.0,0.0,0.0,-0.02,0
1760564378,51,0.0,0.0,1.23,0.0,0.0,0.0,0.0,0.0,0.0,-0.02,0
1760564378,52,0.0,0.0,1.23,0.0,0.0,0.0,0.0,0.0,0.0,-0.02,0
1760564378,53,0.0,0.0,1.23,0.0,0.0,0.0,0.0,0.0,0.0,-0.02,0
1760564378,54,0.0,0.0,1.23,0.0,0.0,0.0,0.0,0.09,0.0,-0.02,0
1760564378,55,0.0,0.0,1.23,0.0,0.0,0.0,0.0,0.0,0.0,-0.02,0
1760564378,56,0.0,0.0,1.23,0.0,0.0,0.0,0.0,0.0,0.0,-0.02,0
1760564379,57,0.0,0.0,1.23,0.0,0.0,0.0,0.0,0.0,0.0,-0.02,0
1760564379,58,0.0,0.0,1.23,0.0,0.0,0.0,0.0,0.09,0.0,-0.02,0
1760564379,59,0.0,0.0,1.23,0.0,0.0,0.0,0.0,0.0,0.0,-0.02,0
1760564379,60,0.0,0.0,1.23,0.0,0.0,0.0,0.0,0.0,0.0,-0.02,0
1760564379,61,0.0,0.0,1.23,0.0,0.0,0.0,0.0,0.0,0.0,-0.02,0
1760564379,62,0.0,0.0,1.23,0.0,0.0,0.0,0.0,0.0,0.0,-0.02,0
1760564379,63,0.0,0.0,1.23,0.0,0.0,0.0,0.0,0.0,0.0,-0.02,0
1760564379,64,0.0,0.0,1.23,0.0,0.0,0.0,0.0,0.09,0.0,-0.02,0
1760564379,65,0.0,0.0,1.23,0.0,0.0,0.0,0.0,0.0,0.0,-0.02,0
1760564379,66,0.0,0.0,1.23,0.0,0.0,0.0,0.0,0.0,0.0,-0.02,0
1760564379,67,0.0,0.0,1.23,0.0,0.0,0.0,0.0,0.0,0.0,-0.02,0
1760564379,68,0.0,0.0,1.23,0.0,0.0,0.0,0.0,0.09,0.0,-0.02,0
1760564379,69,0.0,0.0,1.23,0.0,0.0,0.0,0.0,0.0,0.0,-0.02,0
1760564379,70,0.0,0.0,1.23,0.0,0.0,0.0,0.0,0.09,0.0,-0.02,0
1760564379,71,0.0,0.0,1.23,0.0,0.0,0.0,0.0,0.0,0.0,-0.02,0
1760564379,72,0.0,0.0,1.23,0.0,0.0,0.0,0.0,0.0,0.0,-0.02,0
1760564379,73,0.0,0.0,1.23,0.0,0.0,0.0,0.0,0.0,0.0,-0.02,0
1760564379,74,0.0,0.0,1.23,0.0,0.0,0.0,0.0,0.0,0.0,-0.02,0
1760564379,75,0.0,0.0,1.23,0.0,0.0,0.0,0.0,0.0,0.0,-0.02,0
1760564379,76,0.0,0.0,1.23,0.0,0.0,0.0,0.0,0.0,0.0,-0.02,0
1760564379,77,0.0,0.0,1.23,0.0,0.0,0.0,0.0,0.0,0.0,-0.02,0
1760564379,78,0.0,0.0,1.23,0.0,0.0,0.0,0.0,0.0,0.0,-0.02,0
1760564379,79,0.0,0.0,1.23,0.0,0.0,0.0,0.0,0.0,0.0,-0.02,0
1760564379,80,0.0,0.0,1.23,0.0,0.0,0.0,0.0,0.0,0.0,-0.02,0
1760564379,81,0.0,0.0,1.23,0.0,0.0,0.0,0.0,0.0,0.0,-0.02,0
1760564379,82,0.0,0.0,1.23,0.0,0.0,0.0,0.0,0.0,0.0,-0.02,0
1760564379,83,0.0,0.0,1.23,0.0,0.0,0.0,0.0,0.0,0.0,-0.02,0
1760564379,84,0.0,0.0,1.23,0.0,0.0,0.0,0.0,0.0,0.0,-0.02,0
1760564379,85,0.0,0.0,1.23,0.0,0.0,0.0,0.0,0.0,0.0,-0.02,0
1760564379,86,0.0,0.0,1.23,0.0,0.0,0.0,0.0,0.0,0.0,-0.02,0
1760564379,87,0.0,0.0,1.23,0.0,0.0,0.0,0.0,0.09,0.0,-0.02,0
1760564379,88,0.0,0.0,1.23,0.0,0.0,0.0,0.0,0.0,0.0,-0.02,0
1760564379,89,0.0,0.0,1.23,0.0,0.0,0.0,0.0,0.0,0.0,-0.02,0
1760564379,90,0.0,0.0,1.23,0.0,0.0,0.0,0.0,0.09,0.0,-0.02,0
1760564379,91,0.0,0.0,1.23,0.0,0.0,0.0,0.0,0.0,0.0,-0.02,0
1760564379,92,0.0,0.0,1.23,0.0,0.0,0.0,0.0,0.0,0.0,-0.02,0
1760564379,93,0.0,0.0,1.23,0.0,0.0,0.0,0.0,0.0,0.0,-0.02,0
1760564379,94,0.0,0.0,1.23,0.0,0.0,0.0,0.0,0.0,0.0,-0.02,0
1760564379,95,0.0,0.0,1.23,0.0,0.0,0.0,0.0,0.0,0.0,-0.02,0
1760564379,96,0.0,0.0,1.23,0.0,0.0,0.0,0.0,0.0,0.0,-0.02,0
1760564379,97,0.0,0.0,1.23,0.0,0.0,0.0,0.0,0.0,0.0,-0.02,0
1760564379,98,0.0,0.0,1.23,0.0,0.0,0.0,0.0,0.0,0.0,-0.02,0
1760564379,99,0.0,0.0,1.23,0.0,0.0,0.0,0.0,0.0,0.0,-0.02,0
1760564379,100,0.0,0.0,1.23,0.0,0.0,0.0,0.0,0.0,0.0,-0.02,0
1760564379,101,0.0,0.0,1.23,0.0,0.0,0.0,0.0,0.0,0.0,-0.02,0
1760564379,102,0.0,0.0,1.23,0.0,0.0,0.0,0.0,0.0,0.0,-0.02,0
1760564379,103,0.0,0.0,1.23,0.0,0.0,0.0,0.0,0.0,0.0,-0.02,0
1760564379,104,0.0,0.0,1.23,0.0,0.0,0.0,0.0,0.0,0.0,-0.02,0
1760564379,105,0.0,0.0,1.23,0.0,0.0,0.0,0.0,0.0,0.0,-0.02,0
1760564379,106,0.0,0.0,1.23,0.0,0.0,0.0,0.0,0.0,0.0,-0.02,0
1760564379,107,0.0,0.0,1.23,0.0,0.0,0.0,0.0,0.0,0.0,-0.02,0
1760564379,108,0.0,0.0,1.23,0.0,0.0,0.0,0.0,0.0,0.0,-0.02,0
1760564379,109,0.0,0.0,1.23,0.0,0.0,0.0,0.0,0.0,0.0,-0.02,0
1760564379,110,0.0,0.0,1.23,0.0,0.0,0.0,0.0,0.0,0.0,-0.02,0
1760564379,111,0.0,0.0,1.23,0.0,0.0,0.0,0.0,0.0,0.0,-0.02,0
1760564379,112,0.0,0.0,1.23,0.0,0.0,0.0,0.0,0.0,0.0,-0.02,0
1760564379,113,0.0,0.0,1.23,0.0,0.0,0.0,0.0,0.0,0.0,-0.02,0
1760564379,114,0.0,0.0,1.23,0.0,0.0,0.0,0.0,0.0,0.0,-0.02,0
1760564379,115,0.0,0.0,1.23,0.0,0.0,0.0,0.0,0.09,0.0,-0.02,0
1760564379,116,0.0,0.0,1.23,0.0,0.0,0.0,0.0,0.0,0.0,-0.02,0
1760564379,117,0.0,0.0,1.23,0.0,0.0,0.0,0.0,0.0,0.0,-0.02,0
1760564379,118,0.0,0.0,1.23,0.0,0.0,0.0,0.0,0.0,0.0,-0.02,0
1760564379,119,0.0,0.0,1.23,0.0,0.0,0.0,0.0,0.0,0.0,-0.02,0
1760564379,120,0.0,0.0,1.23,0.0,0.0,0.0,0.0,0.0,0.0,-0.02,0
1760564379,121,0.0,0.0,1.23,0.0,0.0,0.0,0.0,0.0,0.0,-0.02,0
1760564379,122,0.0,0.0,1.23,0.0,0.0,0.0,0.0,0.09,0.0,-0.02,0
1760564380,123,0.0,0.0,1.23,0.0,0.0,0.0,0.0,0.0,0.0,-0.02,0
1760564380,124,0.0,0.0,1.23,0.0,0.0,0.0,0.0,0.0,0.0,-0.02,0
1760564380,125,0.0,0.0,1.23,0.0,0.0,0.0,0.0,0.0,0.0,-0.02,0
1760564380,126,0.0,0.0,1.23,0.0,0.0,0.0,0.0,0.0,0.0,-0.02,0
1760564380,127,0.0,0.0,1.23,0.0,0.0,0.0,0.0,0.0,0.0,-0.02,0
1760564380,128,0.0,0.0,1.23,0.0,0.0,0.0,0.0,0.0,0.0,-0.02,0
1760564380,129,0.0,0.0,1.23,0.0,0.0,0.0,0.0,0.09,0.0,-0.02,0
1760564380,130,0.0,0.0,1.23,0.0,0.0,0.0,0.0,0.0,0.0,-0.02,0
1760564380,131,0.0,0.0,1.23,0.0,0.0,0.0,0.0,0.09,0.0,-0.02,0
1760564380,132,0.0,0.0,1.23,0.0,0.0,0.0,0.0,0.0,0.0,-0.02,0
1760564380,133,0.0,0.0,1.23,0.0,0.0,0.0,0.0,0.0,0.0,-0.02,0
1760564380,134,0.0,0.0,1.23,0.0,0.0,0.0,0.0,0.0,0.0,-0.02,0
1760564380,135,0.0,0.0,1.23,0.0,0.0,0.0,0.0,0.0,0.0,-0.02,0
1760564380,136,0.0,0.0,1.23,0.0,0.0,0.0,0.0,0.0,0.0,-0.02,0
1760564380,137,0.0,0.0,1.23,0.0,0.0,0.0,0.0,0.0,0.0,-0.02,0
1760564380,138,0.0,0.0,1.23,0.0,0.0,0.0,0.0,0.0,0.0,-0.02,0
1760564380,139,0.0,0.0,1.23,0.0,0.0,0.0,0.0,0.0,0.0,-0.02,0
1760564380,140,0.0,0.0,1.23,0.0,0.0,0.0,0.0,0.0,0.0,-0.02,0
1760564380,141,0.0,0.0,1.23,0.0,0.0,0.0,0.0,0.0,0.0,-0.02,0
1760564380,142,0.0,0.0,1.23,0.0,0.0,0.0,0.0,0.0,0.0,-0.02,0
1760564380,143,0.0,0.0,1.23,0.0,0.0,0.0,0.0,0.0,0.0,-0.02,0
1760564380,144,0.0,0.0,1.23,0.0,0.0,0.0,0.0,0.0,0.0,-0.02,0
1760564380,145,0.0,0.0,1.23,0.0,0.0,0.0,0.0,0.0,0.0,-0.02,0
1760564380,146,0.0,0.0,1.23,0.0,0.0,0.0,0.0,0.0,0.0,-0.02,0
1760564380,147,0.0,0.0,1.23,0.0,0.0,0.0,0.0,0.0,0.0,-0.02,0
1760564380,148,0.0,0.0,1.23,0.0,0.0,0.0,0.0,0.0,0.0,-0.02,0
1760564380,149,0.0,0.0,1.23,0.0,0.0,0.0,0.0,0.0,0.0,-0.02,0
1760564380,150,0.0,0.0,1.23,0.0,0.0,0.0,0.0,0.15,0.0,-0.02,0
1760564380,151,0.0,0.0,1.23,0.0,0.0,0.0,0.0,0.0,0.0,-0.02,0
1760564380,152,0.0,0.0,1.23,0.0,0.0,0.0,0.0,0.15,0.0,-0.02,0
1760564380,153,0.0,0.0,1.23,0.0,0.0,0.0,0.0,0.0,0.0,-0.02,0
1760564380,154,0.0,0.0,1.23,0.0,0.0,0.0,0.0,0.0,0.0,-0.02,0
1760564380,155,0.0,0.0,1.23,0.0,0.0,0.0,0.0,0.0,0.0,-0.02,0
1760564380,156,0.0,0.0,1.23,0.0,0.0,0.0,0.0,0.0,0.0,-0.02,0
1760564380,157,0.0,0.0,1.23,0.0,0.0,0.0,0.0,0.0,0.0,-0.02,0
1760564380,158,0.0,0.0,1.23,0.0,0.0,0.0,0.0,0.0,0.0,-0.02,0
1760564380,159,0.0,0.0,1.23,0.0,0.0,0.0,0.0,0.0,0.0,-0.02,0
1760564380,160,0.0,0.0,1.23,0.0,0.0,0.0,0.0,0.0,0.0,-0.02,0
1760564380,161,0.0,0.0,1.23,0.0,0.0,0.0,0.0,0.0,0.0,-0.02,0
1760564380,162,0.0,0.0,1.23,0.0,0.0,0.0,0.0,0.0,0.0,-0.02,0
1760564380,163,0.0,0.0,1.23,0.0,0.0,0.0,0.0,0.0,0.0,-0.02,0
1760564380,164,0.0,0.0,1.23,0.0,0.0,0.0,0.0,0.0,0.0,-0.02,0
1760564380,165,0.0,0.0,1.23,0.0,0.0,0.0,0.0,0.0,0.0,-0.02,0
1760564380,166,0.0,0.0,1.23,0.0,0.0,0.0,0.0,0.0,0.0,-0.02,0
1760564380,167,0.0,0.0,1.23,0.0,0.0,0.0,0.0,0.0,0.0,-0.02,0
1760564380,168,0.0,0.0,1.23,0.0,0.0,0.0,0.0,0.0,0.0,-0.02,0
1760564380,169,0.0,0.0,1.23,0.0,0.0,0.0,0.0,0.0,0.0,-0.02,0
1760564380,170,0.0,0.0,1.23,0.0,0.0,0.0,0.0,0.0,0.0,-0.02,0
1760564380,171,0.0,0.0,1.23,0.0,0.0,0.0,0.0,0.07,0.0,-0.02,0
1760564380,172,0.0,0.0,1.23,0.0,0.0,0.0,0.0,0.0,0.0,-0.02,0
1760564380,173,0.0,0.0,1.23,0.0,0.0,0.0,0.0,0.0,0.0,-0.02,0
1760564380,174,0.0,0.0,1.23,0.0,0.0,0.0,0.0,0.0,0.0,-0.02,0
1760564380,175,0.0,0.0,1.23,0.0,0.0,0.0,0.0,0.0,0.0,-0.02,0
1760564380,176,0.0,0.0,1.23,0.0,0.0,0.0,0.0,0.0,0.0,-0.02,0
1760564380,177,0.0,0.0,1.23,0.0,0.0,0.0,0.0,0.0,0.0,-0.02,0
1760564380,178,0.0,0.0,1.23,0.0,0.0,0.0,0.0,0.0,0.0,-0.02,0
1760564380,179,0.0,0.0,1.23,0.0,0.0,0.0,0.0,0.0,0.0,-0.02,0
1760564380,180,0.0,0.0,1.23,0.0,0.0,0.0,0.0,0.0,0.0,-0.02,0
1760564380,181,0.0,0.0,1.23,0.0,0.0,0.0,0.0,0.0,0.0,-0.02,0
1760564380,182,0.0,0.0,1.23,0.0,0.0,0.0,0.0,0.0,0.0,-0.02,0
1760564380,183,0.0,0.0,1.23,0.0,0.0,0.0,0.0,0.0,0.0,-0.02,0
1760564380,184,0.0,0.0,1.23,0.0,0.0,0.0,0.0,0.0,0.0,-0.02,0
1760564380,185,0.0,0.0,1.23,0.0,0.0,0.0,0.0,0.0,0.0,-0.02,0
1760564380,186,0.0,0.0,1.23,0.0,0.0,0.0,0.0,0.25,0.0,-0.02,0
1760564381,187,0.0,0.0,1.23,0.0,0.0,0.0,0.0,0.0,0.0,-0.02,0
1760564381,188,0.0,0.0,1.23,0.0,0.0,0.0,0.0,0.0,0.0,-0.02,0
1760564381,189,0.0,0.0,1.23,0.0,0.0,0.0,0.0,0.0,0.0,-0.02,0
1760564381,190,0.0,0.0,1.23,0.0,0.0,0.0,0.0,0.0,0.0,-0.02,0
1760564381,191,0.0,0.0,1.23,0.0,0.0,0.0,0.0,0.0,0.0,-0.02,0
1760564381,192,0.0,0.0,1.23,0.0,0.0,0.0,0.0,0.0,0.0,-0.02,0
1760564381,193,0.0,0.0,1.23,0.0,0.0,0.0,0.0,0.0,0.0,-0.02,0
1760564381,194,0.0,0.0,1.23,0.0,0.0,0.0,0.0,0.0,0.0,-0.02,0
1760564381,195,0.0,0.0,1.23,0.0,0.0,0.0,0.0,0.0,0.0,-0.02,0
1760564381,196,0.0,0.0,1.23,0.0,0.0,0.0,0.0,0.07,0.0,-0.02,0
1760564381,197,0.0,0.0,1.23,0.0,0.0,0.0,0.0,0.0,0.0,-0.02,0
1760564381,198,0.0,0.0,1.23,0.0,0.0,0.0,0.0,0.0,0.0,-0.02,0
1760564381,199,0.0,0.0,1.23,0.0,0.0,0.0,0.0,0.0,0.0,-0.02,0
1760564381,200,0.0,0.0,1.23,0.0,0.0,0.0,0.0,0.0,0.0,-0.02,0
1760564381,201,0.0,0.0,1.23,0.0,0.0,0.0,0.0,0.0,0.0,-0.02,0
1760564381,202,0.0,0.0,1.23,0.0,0.0,0.0,0.0,0.0,0.0,-0.02,0
1760564381,203,0.0,0.0,1.23,0.0,0.0,0.0,0.0,0.0,0.0,-0.02,0
1760564381,204,0.0,0.0,1.23,0.0,0.0,0.0,0.0,0.0,0.0,-0.02,0
1760564381,205,0.0,0.0,1.23,0.0,0.0,0.0,0.0,0.0,0.0,-0.02,0
1760564381,206,0.0,0.0,1.23,0.0,0.0,0.0,0.0,0.0,0.0,-0.02,0
1760564381,207,0.0,0.0,1.23,0.0,0.0,0.0,0.0,0.0,0.0,-0.02,0
1760564381,208,0.0,0.0,1.23,0.0,0.0,0.0,0.0,0.0,0.0,-0.02,0
1760564381,209,0.0,0.0,1.23,0.0,0.0,0.0,0.0,0.0,0.0,-0.02,0
1760564381,210,0.0,0.0,1.23,0.0,0.0,0.0,0.0,0.07,0.0,-0.02,0
1760564381,211,0.0,0.0,1.23,0.0,0.0,0.0,0.0,0.0,0.0,-0.02,0
1760564381,212,0.0,0.0,1.23,0.0,0.0,0.0,0.0,0.0,0.0,-0.02,0
1760564381,213,0.0,0.0,1.23,0.0,0.0,0.0,0.0,0.0,0.0,-0.02,0
1760564381,214,0.0,0.0,1.23,0.0,0.0,0.0,0.0,0.0,0.0,-0.02,0
1760564381,215,0.0,0.0,1.23,0.0,0.0,0.0,0.0,0.0,0.0,-0.02,0
1760564381,216,0.0,0.0,1.23,0.0,0.0,0.0,0.0,0.0,0.0,-0.02,0
1760564381,217,0.0,0.0,1.23,0.0,0.0,0.0,0.0,0.0,0.0,-0.02,0
1760564381,218,0.0,0.0,1.23,0.0,0.0,0.0,0.0,0.0,0.0,-0.02,0
1760564381,219,0.0,0.0,1.23,0.0,0.0,0.0,0.0,0.0,0.0,-0.02,0
1760564381,220,0.0,0.0,1.23,0.0,0.0,0.0,0.0,0.0,0.0,-0.02,0
1760564381,221,0.0,0.0,1.23,0.0,0.0,0.0,0.0,0.0,0.0,-0.02,0
1760564381,222,0.0,0.0,1.23,0.0,0.0,0.0,0.0,0.0,0.0,-0.02,0
1760564381,223,0.0,0.0,1.23,0.0,0.0,0.0,0.0,0.0,0.0,-0.02,0
1760564381,224,0.0,0.0,1.23,0.0,0.0,0.0,0.0,0.0,0.0,-0.02,0
1760564381,225,0.0,0.0,1.23,0.0,0.0,0.0,0.0,0.07,0.0,-0.02,0
1760564381,226,0.0,0.0,1.23,0.0,0.0,0.0,0.0,0.07,0.0,-0.02,0
1760564381,227,0.0,0.0,1.23,0.0,0.0,0.0,0.0,0.0,0.0,-0.02,0
1760564381,228,0.0,0.0,1.23,0.0,0.0,0.0,0.0,0.0,0.0,-0.02,0
1760564381,229,0.0,0.0,1.23,0.0,0.0,0.0,0.0,0.07,0.0,-0.02,0
1760564381,230,0.0,0.0,1.23,0.0,0.0,0.0,0.0,0.0,0.0,-0.02,0
1760564381,231,0.0,0.0,1.23,0.0,0.0,0.0,0.0,0.07,0.0,-0.02,0
1760564381,232,0.0,0.0,1.23,0.0,0.0,0.0,0.0,0.0,0.0,-0.02,0
1760564381,233,0.0,0.0,1.23,0.0,0.0,0.0,0.0,0.0,0.0,-0.02,0
1760564381,234,0.0,0.0,1.23,0.0,0.0,0.0,0.0,0.0,0.0,-0.02,0
1760564381,235,0.0,0.0,1.23,0.0,0.0,0.0,0.0,0.0,0.0,-0.02,0
1760564381,236,0.0,0.0,1.23,0.0,0.0,0.0,0.0,0.0,0.0,-0.02,0
1760564381,237,0.0,0.0,1.23,0.0,0.0,0.0,0.0,0.0,0.0,-0.02,0
1760564381,238,0.0,0.0,1.23,0.0,0.0,0.0,0.0,0.0,0.0,-0.02,0
1760564381,239,0.0,0.0,1.23,0.0,0.0,0.0,0.0,0.0,0.0,-0.02,0
1760564381,240,0.0,0.0,1.23,0.0,0.0,0.0,0.0,0.0,0.0,-0.02,0
1760564381,241,0.0,0.0,1.23,0.0,0.0,0.0,0.0,0.0,0.0,-0.02,0
1760564381,242,0.0,0.0,1.23,0.0,0.0,0.0,0.0,0.0,0.0,-0.02,0
1760564381,243,0.0,0.0,1.23,0.0,0.0,0.0,0.0,0.0,0.0,-0.02,0
1760564381,244,0.0,0.0,1.23,0.0,0.0,0.0,0.0,0.0,0.0,-0.02,0
1760564381,245,0.0,0.0,1.23,0.0,0.0,0.0,0.0,0.0,0.0,-0.02,0
1760564381,246,0.0,0.0,1.23,0.0,0.0,0.0,0.0,0.07,0.0,-0.02,0
1760564381,247,0.0,0.0,1.23,0.0,0.0,0.0,0.0,0.0,0.0,-0.02,0
1760564381,248,0.0,0.0,1.23,0.0,0.0,0.0,0.0,0.0,0.0,-0.02,0
1760564381,249,0.0,0.0,1.23,0.0,0.0,0.0,0.0,0.0,0.0,-0.02,0
1760564381,250,0.0,0.0,1.23,0.0,0.0,0.0,0.0,0.0,0.0,-0.02,0
1760564381,251,0.0,0.0,1.23,0.0,0.0,0.0,0.0,0.0,0.0,-0.02,0
1760564381,252,0.0,0.0,1.23,0.0,0.0,0.0,0.0,0.0,0.0,-0.02,0
1760564381,253,0.0,0.0,1.23,0.0,0.0,0.0,0.0,0.0,0.0,-0.02,0
1760564382,254,0.0,0.0,1.23,0.0,0.0,0.0,0.0,0.0,0.0,-0.02,0
1760564382,255,0.0,0.0,1.23,0.0,0.0,0.0,0.0,0.0,0.0,-0.02,0
1760564382,256,0.0,0.0,1.23,0.0,0.0,0.0,0.0,0.0,0.0,-0.02,0
1760564382,257,0.0,0.0,1.23,0.0,0.0,0.0,0.0,0.0,0.0,-0.02,0
1760564382,258,0.0,0.0,1.23,0.0,0.0,0.0,0.0,0.0,0.0,-0.02,0
1760564382,259,0.0,0.0,1.23,0.0,0.0,0.0,0.0,0.0,0.0,-0.02,0
1760564382,260,0.0,0.0,1.23,0.0,0.0,0.0,0.0,0.0,0.0,-0.02,0
1760564382,261,0.0,0.0,1.23,0.0,0.0,0.0,0.0,0.0,0.0,-0.02,0
1760564382,262,0.0,0.0,1.23,0.0,0.0,0.0,0.0,0.0,0.0,-0.02,0
1760564382,263,0.0,0.0,1.23,0.0,0.0,0.0,0.0,0.0,0.0,-0.02,0
1760564382,264,0.0,0.0,1.23,0.0,0.0,0.0,0.0,0.0,0.0,-0.02,0
1760564382,265,0.0,0.0,1.23,0.0,0.0,0.0,0.0,0.0,0.0,-0.02,0
1760564382,266,0.0,0.0,1.23,0.0,0.0,0.0,0.0,0.0,0.0,-0.02,0
1760564382,267,0.0,0.0,1.23,0.0,0.0,0.0,0.0,0.0,0.0,-0.02,0
1760564382,268,0.0,0.0,1.23,0.0,0.0,0.0,0.0,0.0,0.0,-0.02,0
1760564382,269,0.0,0.0,1.23,0.0,0.0,0.0,0.0,0.0,0.0,-0.02,0
1760564382,270,0.0,0.0,1.23,0.0,0.0,0.0,0.0,0.0,0.0,-0.02,0
1760564382,271,0.0,0.0,1.23,0.0,0.0,0.0,0.0,0.0,0.0,-0.02,0
1760564382,272,0.0,0.0,1.23,0.0,0.0,0.0,0.0,0.0,0.0,-0.02,0
1760564382,273,0.0,0.0,1.23,0.0,0.0,0.0,0.0,0.0,0.0,-0.02,0
1760564382,274,0.0,0.0,1.23,0.0,0.0,0.0,0.0,0.0,0.0,-0.02,0
1760564382,275,0.0,0.0,1.23,0.0,0.0,0.0,0.0,0.0,0.0,-0.02,0
1760564382,276,0.0,0.0,1.23,0.0,0.0,0.0,0.0,0.0,0.0,-0.02,0
1760564382,277,0.0,0.0,1.23,0.0,0.0,0.0,0.0,0.0,0.0,-0.02,0
1760564382,278,0.0,0.0,1.23,0.0,0.0,0.0,0.0,0.0,0.0,-0.02,0
1760564382,279,0.0,0.0,1.23,0.0,0.0,0.0,0.0,0.0,0.0,-0.02,0
1760564382,280,0.0,0.0,1.23,0.0,0.0,0.0,0.0,0.0,0.0,-0.02,0
1760564382,281,0.0,0.0,1.23,0.0,0.0,0.0,0.0,0.0,0.0,-0.02,0
1760564382,282,0.0,0.0,1.23,0.0,0.0,0.0,0.0,0.0,0.0,-0.02,0
1760564382,283,0.0,0.0,1.23,0.0,0.0,0.0,0.0,0.0,0.0,-0.02,0
1760564382,284,0.0,0.0,1.23,0.0,0.0,0.0,0.0,0.0,0.0,-0.02,0
1760564382,285,0.0,0.0,1.23,0.0,0.0,0.0,0.0,0.07,0.0,-0.02,0
1760564382,286,0.0,0.0,1.23,0.0,0.0,0.0,0.0,0.0,0.0,-0.02,0
1760564382,287,0.0,0.0,1.23,0.0,0.0,0.0,0.0,0.07,0.0,-0.02,0
1760564382,288,0.0,0.0,1.23,0.0,0.0,0.0,0.0,0.07,0.0,-0.02,0
1760564382,289,0.0,0.0,1.23,0.0,0.0,0.0,0.0,0.15,0.0,-0.02,0
1760564382,290,0.0,0.0,1.23,0.0,0.0,0.0,0.0,0.0,0.0,-0.02,0
1760564382,291,0.0,0.0,1.23,0.0,0.0,0.0,0.0,0.0,0.0,-0.02,0
1760564382,292,0.0,0.0,1.23,0.0,0.0,0.0,0.0,0.0,0.0,-0.02,0
1760564382,293,0.0,0.0,1.23,0.0,0.0,0.0,0.0,0.07,0.0,-0.02,0
1760564382,294,0.0,0.0,1.23,0.0,0.0,0.0,0.0,0.0,0.0,-0.02,0
1760564382,295,0.0,0.0,1.23,0.0,0.0,0.0,0.0,0.0,0.0,-0.02,0
1760564382,296,0.0,0.0,1.23,0.0,0.0,0.0,0.0,0.0,0.0,-0.02,0
1760564382,297,0.0,0.0,1.23,0.0,0.0,0.0,0.0,0.0,0.0,-0.02,0
1760564382,298,0.0,0.0,1.23,0.0,0.0,0.0,0.0,0.0,0.0,-0.02,0
1760564382,299,0.0,0.0,1.23,0.0,0.0,0.0,0.0,0.0,0.0,-0.02,0
1760564382,300,0.0,0.0,1.23,0.0,0.0,0.0,0.0,0.0,0.0,-0.02,0
1760564382,301,0.0,0.0,1.23,0.0,0.0,0.0,0.0,0.0,0.0,-0.02,0
1760564382,302,0.0,0.0,1.23,0.0,0.0,0.0,0.0,0.0,0.0,-0.02,0
1760564382,303,0.0,0.0,1.23,0.0,0.0,0.0,0.0,0.0,0.0,-0.02,0
1760564382,304,0.0,0.0,1.23,0.0,0.0,0.0,0.0,0.0,0.0,-0.02,0
1760564382,305,0.0,0.0,1.23,0.0,0.0,0.0,0.0,0.0,0.0,-0.02,0
1760564382,306,0.0,0.0,1.23,0.0,0.0,0.0,0.0,0.0,0.0,-0.02,0
1760564382,307,0.0,0.0,1.23,0.0,0.0,0.0,0.0,0.0,0.0,-0.02,0
1760564382,308,0.0,0.0,1.23,0.0,0.0,0.0,0.0,0.0,0.0,-0.02,0
1760564382,309,0.0,0.0,1.23,0.0,0.0,0.0,0.0,0.0,0.0,-0.02,0
1760564382,310,0.0,0.0,1.23,0.0,0.0,0.0,0.0,0.0,0.0,-0.02,0
1760564382,311,0.0,0.0,1.23,0.0,0.0,0.0,0.0,0.0,0.0,-0.02,0
1760564382,312,0.0,0.0,1.23,0.0,0.0,0.0,0.0,0.0,0.0,-0.02,0
1760564382,313,0.0,0.0,1.23,0.0,0.0,0.0,0.0,0.07,0.0,-0.02,0
1760564382,314,0.0,0.0,1.23,0.0,0.0,0.0,0.0,0.0,0.0,-0.02,0
1760564382,315,0.0,0.0,1.23,0.0,0.0,0.0,0.0,0.0,0.0,-0.02,0
1760564382,316,0.0,0.0,1.23,0.0,0.0,0.0,0.0,0.0,0.0,-0.02,0
1760564382,317,0.0,0.0,1.23,0.0,0.0,0.0,0.0,0.0,0.0,-0.02,0
1760564382,318,0.0,0.0,1.23,0.0,0.0,0.0,0.0,0.0,0.0,-0.02,0
1760564383,319,0.0,0.0,1.23,0.0,0.0,0.0,0.0,0.0,0.0,-0.02,0
1760564383,320,0.0,0.0,1.23,0.0,0.0,0.0,0.0,0.0,0.0,-0.02,0
1760564383,321,0.0,0.0,1.23,0.0,0.0,0.0,0.0,0.0,0.0,-0.02,0
1760564383,322,0.0,0.0,1.23,0.0,0.0,0.0,0.0,0.0,0.0,-0.02,0
1760564383,323,0.0,0.0,1.23,0.0,0.0,0.0,0.0,0.0,0.0,-0.02,0
1760564383,324,0.0,0.0,1.23,0.0,0.0,0.0,0.0,0.0,0.0,-0.02,0
1760564383,325,0.0,0.0,1.23,0.0,0.0,0.0,0.0,0.0,0.0,-0.02,0
1760564383,326,0.0,0.0,1.23,0.0,0.0,0.0,0.0,0.0,0.0,-0.02,0
1760564383,327,0.0,0.0,1.23,0.0,0.0,0.0,0.0,0.0,0.0,-0.02,0
1760564383,328,0.0,0.0,1.23,0.0,0.0,0.0,0.0,0.07,0.0,-0.02,0
1760564383,329,0.0,0.0,1.23,0.0,0.0,0.0,0.0,0.0,0.0,-0.02,0
1760564383,330,0.0,0.0,0.0,0.0,0.0,0.0,0.0,0.0,0.0,-0.02,0
1760564383,331,0.0,0.0,0.0,0.0,0.0,0.0,0.0,0.0,0.0,-0.02,0
1760564383,332,0.0,0.0,0.0,0.0,0.0,0.0,0.0,0.0,0.0,-0.02,0
1760564383,333,0.0,0.0,0.0,0.0,0.0,0.0,0.0,0.0,0.0,-0.02,0
1760564383,334,0.0,0.0,0.0,0.0,0.0,0.0,0.0,0.0,0.0,-0.02,0
1760564383,335,0.0,0.0,0.0,0.0,0.0,0.0,0.0,0.07,0.0,-0.02,0
1760564383,336,0.0,0.0,0.0,0.0,0.0,0.0,0.0,0.0,0.0,-0.02,0
1760564383,337,0.0,0.0,0.0,0.0,0.0,0.0,0.0,0.46,0.0,-0.02,0
1760564383,338,0.0,0.0,0.0,0.0,0.0,0.0,0.0,0.0,0.0,-0.02,0
